score,tag,class,name,id,href,alt,type,aria-label,xpath.chrome,xpath.idxpath,isButton,location,dimension,visible_text,neighbour_text,attributes
358628.0,0.8,0.0,2.85,0.5,0.95,1.85,2.75,0.9,0.1,0.45,0.1,1.2,0.35,2.8,1.45,1.8,1
357860.0,0.8,0.0,2.85,0.5,0.95,1.85,2.75,0.9,0.1,0.45,0.1,1.2,0.0,2.8,1.45,1.8,2
358724.0,0.8,0.0,2.85,0.5,0.95,1.85,2.75,0.9,0.1,0.45,0.0,1.2,0.35,2.8,1.45,1.8,2
357956.0,0.8,0.0,2.85,0.5,0.95,1.85,2.75,0.9,0.1,0.45,0.0,1.2,0.0,2.8,1.45,1.8,3
358332.0,0.8,0.0,2.85,0.5,0.95,1.85,2.75,0.9,0.1,0.0,0.1,1.2,0.35,2.8,1.45,1.8,2
357588.0,0.8,0.0,2.85,0.5,0.95,1.85,2.75,0.9,0.1,0.0,0.1,1.2,0.0,2.8,1.45,1.8,3
358428.0,0.8,0.0,2.85,0.5,0.95,1.85,2.75,0.9,0.1,0.0,0.0,1.2,0.35,2.8,1.45,1.8,3
357684.0,0.8,0.0,2.85,0.5,0.95,1.85,2.75,0.9,0.1,0.0,0.0,1.2,0.0,2.8,1.45,1.8,4
358532.0,0.8,0.0,2.85,0.5,0.95,1.85,2.75,0.9,0.0,0.45,0.1,1.2,0.35,2.8,1.45,1.8,2
357860.0,0.8,0.0,2.85,0.5,0.95,1.85,2.75,0.9,0.0,0.45,0.1,1.2,0.0,2.8,1.45,1.8,3
358628.0,0.8,0.0,2.85,0.5,0.95,1.85,2.75,0.9,0.0,0.45,0.0,1.2,0.35,2.8,1.45,1.8,3
357956.0,0.8,0.0,2.85,0.5,0.95,1.85,2.75,0.9,0.0,0.45,0.0,1.2,0.0,2.8,1.45,1.8,4
358172.0,0.8,0.0,2.85,0.5,0.95,1.85,2.75,0.9,0.0,0.0,0.1,1.2,0.35,2.8,1.45,1.8,3
357588.0,0.8,0.0,2.85,0.5,0.95,1.85,2.75,0.9,0.0,0.0,0.1,1.2,0.0,2.8,1.45,1.8,4
358340.0,0.8,0.0,2.85,0.5,0.95,1.85,2.75,0.9,0.0,0.0,0.0,1.2,0.35,2.8,1.45,1.8,4
357684.0,0.8,0.0,2.85,0.5,0.95,1.85,2.75,0.9,0.0,0.0,0.0,1.2,0.0,2.8,1.45,1.8,5
357992.0,0.8,0.0,2.85,0.5,0.95,1.85,2.75,0.0,0.1,0.45,0.1,1.2,0.35,2.8,1.45,1.8,2
357416.0,0.8,0.0,2.85,0.5,0.95,1.85,2.75,0.0,0.1,0.45,0.1,1.2,0.0,2.8,1.45,1.8,3
358088.0,0.8,0.0,2.85,0.5,0.95,1.85,2.75,0.0,0.1,0.45,0.0,1.2,0.35,2.8,1.45,1.8,3
357512.0,0.8,0.0,2.85,0.5,0.95,1.85,2.75,0.0,0.1,0.45,0.0,1.2,0.0,2.8,1.45,1.8,4
357888.0,0.8,0.0,2.85,0.5,0.95,1.85,2.75,0.0,0.1,0.0,0.1,1.2,0.35,2.8,1.45,1.8,3
357240.0,0.8,0.0,2.85,0.5,0.95,1.85,2.75,0.0,0.1,0.0,0.1,1.2,0.0,2.8,1.45,1.8,4
357984.0,0.8,0.0,2.85,0.5,0.95,1.85,2.75,0.0,0.1,0.0,0.0,1.2,0.35,2.8,1.45,1.8,4
357336.0,0.8,0.0,2.85,0.5,0.95,1.85,2.75,0.0,0.1,0.0,0.0,1.2,0.0,2.8,1.45,1.8,5
357896.0,0.8,0.0,2.85,0.5,0.95,1.85,2.75,0.0,0.0,0.45,0.1,1.2,0.35,2.8,1.45,1.8,3
357416.0,0.8,0.0,2.85,0.5,0.95,1.85,2.75,0.0,0.0,0.45,0.1,1.2,0.0,2.8,1.45,1.8,4
357992.0,0.8,0.0,2.85,0.5,0.95,1.85,2.75,0.0,0.0,0.45,0.0,1.2,0.35,2.8,1.45,1.8,4
357512.0,0.8,0.0,2.85,0.5,0.95,1.85,2.75,0.0,0.0,0.45,0.0,1.2,0.0,2.8,1.45,1.8,5
357920.0,0.8,0.0,2.85,0.5,0.95,1.85,2.75,0.0,0.0,0.0,0.1,1.2,0.35,2.8,1.45,1.8,4
357432.0,0.8,0.0,2.85,0.5,0.95,1.85,2.75,0.0,0.0,0.0,0.1,1.2,0.0,2.8,1.45,1.8,5
358088.0,0.8,0.0,2.85,0.5,0.95,1.85,2.75,0.0,0.0,0.0,0.0,1.2,0.35,2.8,1.45,1.8,5
357528.0,0.8,0.0,2.85,0.5,0.95,1.85,2.75,0.0,0.0,0.0,0.0,1.2,0.0,2.8,1.45,1.8,6
356796.0,0.8,0.0,2.85,0.5,0.0,1.85,2.75,0.9,0.1,0.45,0.1,1.2,0.35,2.8,1.45,1.8,2
356028.0,0.8,0.0,2.85,0.5,0.0,1.85,2.75,0.9,0.1,0.45,0.1,1.2,0.0,2.8,1.45,1.8,3
356892.0,0.8,0.0,2.85,0.5,0.0,1.85,2.75,0.9,0.1,0.45,0.0,1.2,0.35,2.8,1.45,1.8,3
356124.0,0.8,0.0,2.85,0.5,0.0,1.85,2.75,0.9,0.1,0.45,0.0,1.2,0.0,2.8,1.45,1.8,4
356980.0,0.8,0.0,2.85,0.5,0.0,1.85,2.75,0.9,0.1,0.0,0.1,1.2,0.35,2.8,1.45,1.8,3
356260.0,0.8,0.0,2.85,0.5,0.0,1.85,2.75,0.9,0.1,0.0,0.1,1.2,0.0,2.8,1.45,1.8,4
357076.0,0.8,0.0,2.85,0.5,0.0,1.85,2.75,0.9,0.1,0.0,0.0,1.2,0.35,2.8,1.45,1.8,4
356356.0,0.8,0.0,2.85,0.5,0.0,1.85,2.75,0.9,0.1,0.0,0.0,1.2,0.0,2.8,1.45,1.8,5
356700.0,0.8,0.0,2.85,0.5,0.0,1.85,2.75,0.9,0.0,0.45,0.1,1.2,0.35,2.8,1.45,1.8,3
356028.0,0.8,0.0,2.85,0.5,0.0,1.85,2.75,0.9,0.0,0.45,0.1,1.2,0.0,2.8,1.45,1.8,4
356796.0,0.8,0.0,2.85,0.5,0.0,1.85,2.75,0.9,0.0,0.45,0.0,1.2,0.35,2.8,1.45,1.8,4
356124.0,0.8,0.0,2.85,0.5,0.0,1.85,2.75,0.9,0.0,0.45,0.0,1.2,0.0,2.8,1.45,1.8,5
356820.0,0.8,0.0,2.85,0.5,0.0,1.85,2.75,0.9,0.0,0.0,0.1,1.2,0.35,2.8,1.45,1.8,4
356260.0,0.8,0.0,2.85,0.5,0.0,1.85,2.75,0.9,0.0,0.0,0.1,1.2,0.0,2.8,1.45,1.8,5
356988.0,0.8,0.0,2.85,0.5,0.0,1.85,2.75,0.9,0.0,0.0,0.0,1.2,0.35,2.8,1.45,1.8,5
356356.0,0.8,0.0,2.85,0.5,0.0,1.85,2.75,0.9,0.0,0.0,0.0,1.2,0.0,2.8,1.45,1.8,6
356520.0,0.8,0.0,2.85,0.5,0.0,1.85,2.75,0.0,0.1,0.45,0.1,1.2,0.35,2.8,1.45,1.8,3
356040.0,0.8,0.0,2.85,0.5,0.0,1.85,2.75,0.0,0.1,0.45,0.1,1.2,0.0,2.8,1.45,1.8,4
356616.0,0.8,0.0,2.85,0.5,0.0,1.85,2.75,0.0,0.1,0.45,0.0,1.2,0.35,2.8,1.45,1.8,4
356136.0,0.8,0.0,2.85,0.5,0.0,1.85,2.75,0.0,0.1,0.45,0.0,1.2,0.0,2.8,1.45,1.8,5
356320.0,0.8,0.0,2.85,0.5,0.0,1.85,2.75,0.0,0.1,0.0,0.1,1.2,0.35,2.8,1.45,1.8,4
355696.0,0.8,0.0,2.85,0.5,0.0,1.85,2.75,0.0,0.1,0.0,0.1,1.2,0.0,2.8,1.45,1.8,5
356416.0,0.8,0.0,2.85,0.5,0.0,1.85,2.75,0.0,0.1,0.0,0.0,1.2,0.35,2.8,1.45,1.8,5
355792.0,0.8,0.0,2.85,0.5,0.0,1.85,2.75,0.0,0.1,0.0,0.0,1.2,0.0,2.8,1.45,1.8,6
356424.0,0.8,0.0,2.85,0.5,0.0,1.85,2.75,0.0,0.0,0.45,0.1,1.2,0.35,2.8,1.45,1.8,4
356040.0,0.8,0.0,2.85,0.5,0.0,1.85,2.75,0.0,0.0,0.45,0.1,1.2,0.0,2.8,1.45,1.8,5
356520.0,0.8,0.0,2.85,0.5,0.0,1.85,2.75,0.0,0.0,0.45,0.0,1.2,0.35,2.8,1.45,1.8,5
356136.0,0.8,0.0,2.85,0.5,0.0,1.85,2.75,0.0,0.0,0.45,0.0,1.2,0.0,2.8,1.45,1.8,6
356160.0,0.8,0.0,2.85,0.5,0.0,1.85,2.75,0.0,0.0,0.0,0.1,1.2,0.35,2.8,1.45,1.8,5
355696.0,0.8,0.0,2.85,0.5,0.0,1.85,2.75,0.0,0.0,0.0,0.1,1.2,0.0,2.8,1.45,1.8,6
356328.0,0.8,0.0,2.85,0.5,0.0,1.85,2.75,0.0,0.0,0.0,0.0,1.2,0.35,2.8,1.45,1.8,6
355792.0,0.8,0.0,2.85,0.5,0.0,1.85,2.75,0.0,0.0,0.0,0.0,1.2,0.0,2.8,1.45,1.8,7
358532.0,0.8,0.0,2.85,0.0,0.95,1.85,2.75,0.9,0.1,0.45,0.1,1.2,0.35,2.8,1.45,1.8,2
357644.0,0.8,0.0,2.85,0.0,0.95,1.85,2.75,0.9,0.1,0.45,0.1,1.2,0.0,2.8,1.45,1.8,3
358628.0,0.8,0.0,2.85,0.0,0.95,1.85,2.75,0.9,0.1,0.45,0.0,1.2,0.35,2.8,1.45,1.8,3
357740.0,0.8,0.0,2.85,0.0,0.95,1.85,2.75,0.9,0.1,0.45,0.0,1.2,0.0,2.8,1.45,1.8,4
358212.0,0.8,0.0,2.85,0.0,0.95,1.85,2.75,0.9,0.1,0.0,0.1,1.2,0.35,2.8,1.45,1.8,3
357492.0,0.8,0.0,2.85,0.0,0.95,1.85,2.75,0.9,0.1,0.0,0.1,1.2,0.0,2.8,1.45,1.8,4
358260.0,0.8,0.0,2.85,0.0,0.95,1.85,2.75,0.9,0.1,0.0,0.0,1.2,0.35,2.8,1.45,1.8,4
357540.0,0.8,0.0,2.85,0.0,0.95,1.85,2.75,0.9,0.1,0.0,0.0,1.2,0.0,2.8,1.45,1.8,5
358436.0,0.8,0.0,2.85,0.0,0.95,1.85,2.75,0.9,0.0,0.45,0.1,1.2,0.35,2.8,1.45,1.8,3
357644.0,0.8,0.0,2.85,0.0,0.95,1.85,2.75,0.9,0.0,0.45,0.1,1.2,0.0,2.8,1.45,1.8,4
358532.0,0.8,0.0,2.85,0.0,0.95,1.85,2.75,0.9,0.0,0.45,0.0,1.2,0.35,2.8,1.45,1.8,4
357740.0,0.8,0.0,2.85,0.0,0.95,1.85,2.75,0.9,0.0,0.45,0.0,1.2,0.0,2.8,1.45,1.8,5
358052.0,0.8,0.0,2.85,0.0,0.95,1.85,2.75,0.9,0.0,0.0,0.1,1.2,0.35,2.8,1.45,1.8,4
357492.0,0.8,0.0,2.85,0.0,0.95,1.85,2.75,0.9,0.0,0.0,0.1,1.2,0.0,2.8,1.45,1.8,5
358172.0,0.8,0.0,2.85,0.0,0.95,1.85,2.75,0.9,0.0,0.0,0.0,1.2,0.35,2.8,1.45,1.8,5
357540.0,0.8,0.0,2.85,0.0,0.95,1.85,2.75,0.9,0.0,0.0,0.0,1.2,0.0,2.8,1.45,1.8,6
358280.0,0.8,0.0,2.85,0.0,0.95,1.85,2.75,0.0,0.1,0.45,0.1,1.2,0.35,2.8,1.45,1.8,3
357584.0,0.8,0.0,2.85,0.0,0.95,1.85,2.75,0.0,0.1,0.45,0.1,1.2,0.0,2.8,1.45,1.8,4
358376.0,0.8,0.0,2.85,0.0,0.95,1.85,2.75,0.0,0.1,0.45,0.0,1.2,0.35,2.8,1.45,1.8,4
357680.0,0.8,0.0,2.85,0.0,0.95,1.85,2.75,0.0,0.1,0.45,0.0,1.2,0.0,2.8,1.45,1.8,5
357960.0,0.8,0.0,2.85,0.0,0.95,1.85,2.75,0.0,0.1,0.0,0.1,1.2,0.35,2.8,1.45,1.8,4
357336.0,0.8,0.0,2.85,0.0,0.95,1.85,2.75,0.0,0.1,0.0,0.1,1.2,0.0,2.8,1.45,1.8,5
358008.0,0.8,0.0,2.85,0.0,0.95,1.85,2.75,0.0,0.1,0.0,0.0,1.2,0.35,2.8,1.45,1.8,5
357384.0,0.8,0.0,2.85,0.0,0.95,1.85,2.75,0.0,0.1,0.0,0.0,1.2,0.0,2.8,1.45,1.8,6
358184.0,0.8,0.0,2.85,0.0,0.95,1.85,2.75,0.0,0.0,0.45,0.1,1.2,0.35,2.8,1.45,1.8,4
357584.0,0.8,0.0,2.85,0.0,0.95,1.85,2.75,0.0,0.0,0.45,0.1,1.2,0.0,2.8,1.45,1.8,5
358280.0,0.8,0.0,2.85,0.0,0.95,1.85,2.75,0.0,0.0,0.45,0.0,1.2,0.35,2.8,1.45,1.8,5
357680.0,0.8,0.0,2.85,0.0,0.95,1.85,2.75,0.0,0.0,0.45,0.0,1.2,0.0,2.8,1.45,1.8,6
357800.0,0.8,0.0,2.85,0.0,0.95,1.85,2.75,0.0,0.0,0.0,0.1,1.2,0.35,2.8,1.45,1.8,5
357336.0,0.8,0.0,2.85,0.0,0.95,1.85,2.75,0.0,0.0,0.0,0.1,1.2,0.0,2.8,1.45,1.8,6
357920.0,0.8,0.0,2.85,0.0,0.95,1.85,2.75,0.0,0.0,0.0,0.0,1.2,0.35,2.8,1.45,1.8,6
357384.0,0.8,0.0,2.85,0.0,0.95,1.85,2.75,0.0,0.0,0.0,0.0,1.2,0.0,2.8,1.45,1.8,7
357084.0,0.8,0.0,2.85,0.0,0.0,1.85,2.75,0.9,0.1,0.45,0.1,1.2,0.35,2.8,1.45,1.8,3
356292.0,0.8,0.0,2.85,0.0,0.0,1.85,2.75,0.9,0.1,0.45,0.1,1.2,0.0,2.8,1.45,1.8,4
357180.0,0.8,0.0,2.85,0.0,0.0,1.85,2.75,0.9,0.1,0.45,0.0,1.2,0.35,2.8,1.45,1.8,4
356412.0,0.8,0.0,2.85,0.0,0.0,1.85,2.75,0.9,0.1,0.45,0.0,1.2,0.0,2.8,1.45,1.8,5
357052.0,0.8,0.0,2.85,0.0,0.0,1.85,2.75,0.9,0.1,0.0,0.1,1.2,0.35,2.8,1.45,1.8,4
356332.0,0.8,0.0,2.85,0.0,0.0,1.85,2.75,0.9,0.1,0.0,0.1,1.2,0.0,2.8,1.45,1.8,5
357100.0,0.8,0.0,2.85,0.0,0.0,1.85,2.75,0.9,0.1,0.0,0.0,1.2,0.35,2.8,1.45,1.8,5
356380.0,0.8,0.0,2.85,0.0,0.0,1.85,2.75,0.9,0.1,0.0,0.0,1.2,0.0,2.8,1.45,1.8,6
356988.0,0.8,0.0,2.85,0.0,0.0,1.85,2.75,0.9,0.0,0.45,0.1,1.2,0.35,2.8,1.45,1.8,4
356292.0,0.8,0.0,2.85,0.0,0.0,1.85,2.75,0.9,0.0,0.45,0.1,1.2,0.0,2.8,1.45,1.8,5
357084.0,0.8,0.0,2.85,0.0,0.0,1.85,2.75,0.9,0.0,0.45,0.0,1.2,0.35,2.8,1.45,1.8,5
356412.0,0.8,0.0,2.85,0.0,0.0,1.85,2.75,0.9,0.0,0.45,0.0,1.2,0.0,2.8,1.45,1.8,6
356892.0,0.8,0.0,2.85,0.0,0.0,1.85,2.75,0.9,0.0,0.0,0.1,1.2,0.35,2.8,1.45,1.8,5
356332.0,0.8,0.0,2.85,0.0,0.0,1.85,2.75,0.9,0.0,0.0,0.1,1.2,0.0,2.8,1.45,1.8,6
357012.0,0.8,0.0,2.85,0.0,0.0,1.85,2.75,0.9,0.0,0.0,0.0,1.2,0.35,2.8,1.45,1.8,6
356380.0,0.8,0.0,2.85,0.0,0.0,1.85,2.75,0.9,0.0,0.0,0.0,1.2,0.0,2.8,1.45,1.8,7
356424.0,0.8,0.0,2.85,0.0,0.0,1.85,2.75,0.0,0.1,0.45,0.1,1.2,0.35,2.8,1.45,1.8,4
355824.0,0.8,0.0,2.85,0.0,0.0,1.85,2.75,0.0,0.1,0.45,0.1,1.2,0.0,2.8,1.45,1.8,5
356520.0,0.8,0.0,2.85,0.0,0.0,1.85,2.75,0.0,0.1,0.45,0.0,1.2,0.35,2.8,1.45,1.8,5
355944.0,0.8,0.0,2.85,0.0,0.0,1.85,2.75,0.0,0.1,0.45,0.0,1.2,0.0,2.8,1.45,1.8,6
356296.0,0.8,0.0,2.85,0.0,0.0,1.85,2.75,0.0,0.1,0.0,0.1,1.2,0.35,2.8,1.45,1.8,5
355672.0,0.8,0.0,2.85,0.0,0.0,1.85,2.75,0.0,0.1,0.0,0.1,1.2,0.0,2.8,1.45,1.8,6
356344.0,0.8,0.0,2.85,0.0,0.0,1.85,2.75,0.0,0.1,0.0,0.0,1.2,0.35,2.8,1.45,1.8,6
355720.0,0.8,0.0,2.85,0.0,0.0,1.85,2.75,0.0,0.1,0.0,0.0,1.2,0.0,2.8,1.45,1.8,7
356328.0,0.8,0.0,2.85,0.0,0.0,1.85,2.75,0.0,0.0,0.45,0.1,1.2,0.35,2.8,1.45,1.8,5
355824.0,0.8,0.0,2.85,0.0,0.0,1.85,2.75,0.0,0.0,0.45,0.1,1.2,0.0,2.8,1.45,1.8,6
356424.0,0.8,0.0,2.85,0.0,0.0,1.85,2.75,0.0,0.0,0.45,0.0,1.2,0.35,2.8,1.45,1.8,6
355944.0,0.8,0.0,2.85,0.0,0.0,1.85,2.75,0.0,0.0,0.45,0.0,1.2,0.0,2.8,1.45,1.8,7
356136.0,0.8,0.0,2.85,0.0,0.0,1.85,2.75,0.0,0.0,0.0,0.1,1.2,0.35,2.8,1.45,1.8,6
355672.0,0.8,0.0,2.85,0.0,0.0,1.85,2.75,0.0,0.0,0.0,0.1,1.2,0.0,2.8,1.45,1.8,7
356256.0,0.8,0.0,2.85,0.0,0.0,1.85,2.75,0.0,0.0,0.0,0.0,1.2,0.35,2.8,1.45,1.8,7
355720.0,0.8,0.0,2.85,0.0,0.0,1.85,2.75,0.0,0.0,0.0,0.0,1.2,0.0,2.8,1.45,1.8,8
355964.0,0.0,0.0,2.85,0.5,0.95,1.85,2.75,0.9,0.1,0.45,0.1,1.2,0.35,2.8,1.45,1.8,2
354524.0,0.0,0.0,2.85,0.5,0.95,1.85,2.75,0.9,0.1,0.45,0.1,1.2,0.0,2.8,1.45,1.8,3
356084.0,0.0,0.0,2.85,0.5,0.95,1.85,2.75,0.9,0.1,0.45,0.0,1.2,0.35,2.8,1.45,1.8,3
354356.0,0.0,0.0,2.85,0.5,0.95,1.85,2.75,0.9,0.1,0.45,0.0,1.2,0.0,2.8,1.45,1.8,4
355644.0,0.0,0.0,2.85,0.5,0.95,1.85,2.75,0.9,0.1,0.0,0.1,1.2,0.35,2.8,1.45,1.8,3
354012.0,0.0,0.0,2.85,0.5,0.95,1.85,2.75,0.9,0.1,0.0,0.1,1.2,0.0,2.8,1.45,1.8,4
355764.0,0.0,0.0,2.85,0.5,0.95,1.85,2.75,0.9,0.1,0.0,0.0,1.2,0.35,2.8,1.45,1.8,4
353844.0,0.0,0.0,2.85,0.5,0.95,1.85,2.75,0.9,0.1,0.0,0.0,1.2,0.0,2.8,1.45,1.8,5
355388.0,0.0,0.0,2.85,0.5,0.95,1.85,2.75,0.9,0.0,0.45,0.1,1.2,0.35,2.8,1.45,1.8,3
353108.0,0.0,0.0,2.85,0.5,0.95,1.85,2.75,0.9,0.0,0.45,0.1,1.2,0.0,2.8,1.45,1.8,4
355508.0,0.0,0.0,2.85,0.5,0.95,1.85,2.75,0.9,0.0,0.45,0.0,1.2,0.35,2.8,1.45,1.8,4
352940.0,0.0,0.0,2.85,0.5,0.95,1.85,2.75,0.9,0.0,0.45,0.0,1.2,0.0,2.8,1.45,1.8,5
354908.0,0.0,0.0,2.85,0.5,0.95,1.85,2.75,0.9,0.0,0.0,0.1,1.2,0.35,2.8,1.45,1.8,4
352404.0,0.0,0.0,2.85,0.5,0.95,1.85,2.75,0.9,0.0,0.0,0.1,1.2,0.0,2.8,1.45,1.8,5
355100.0,0.0,0.0,2.85,0.5,0.95,1.85,2.75,0.9,0.0,0.0,0.0,1.2,0.35,2.8,1.45,1.8,5
352224.0,0.0,0.0,2.85,0.5,0.95,1.85,2.75,0.9,0.0,0.0,0.0,1.2,0.0,2.8,1.45,1.8,6
355004.0,0.0,0.0,2.85,0.5,0.95,1.85,2.75,0.0,0.1,0.45,0.1,1.2,0.35,2.8,1.45,1.8,3
353852.0,0.0,0.0,2.85,0.5,0.95,1.85,2.75,0.0,0.1,0.45,0.1,1.2,0.0,2.8,1.45,1.8,4
355124.0,0.0,0.0,2.85,0.5,0.95,1.85,2.75,0.0,0.1,0.45,0.0,1.2,0.35,2.8,1.45,1.8,4
353516.0,0.0,0.0,2.85,0.5,0.95,1.85,2.75,0.0,0.1,0.45,0.0,1.2,0.0,2.8,1.45,1.8,5
354876.0,0.0,0.0,2.85,0.5,0.95,1.85,2.75,0.0,0.1,0.0,0.1,1.2,0.35,2.8,1.45,1.8,4
353436.0,0.0,0.0,2.85,0.5,0.95,1.85,2.75,0.0,0.1,0.0,0.1,1.2,0.0,2.8,1.45,1.8,5
354996.0,0.0,0.0,2.85,0.5,0.95,1.85,2.75,0.0,0.1,0.0,0.0,1.2,0.35,2.8,1.45,1.8,5
353100.0,0.0,0.0,2.85,0.5,0.95,1.85,2.75,0.0,0.1,0.0,0.0,1.2,0.0,2.8,1.45,1.8,6
354428.0,0.0,0.0,2.85,0.5,0.95,1.85,2.75,0.0,0.0,0.45,0.1,1.2,0.35,2.8,1.45,1.8,4
352436.0,0.0,0.0,2.85,0.5,0.95,1.85,2.75,0.0,0.0,0.45,0.1,1.2,0.0,2.8,1.45,1.8,5
354548.0,0.0,0.0,2.85,0.5,0.95,1.85,2.75,0.0,0.0,0.45,0.0,1.2,0.35,2.8,1.45,1.8,5
352100.0,0.0,0.0,2.85,0.5,0.95,1.85,2.75,0.0,0.0,0.45,0.0,1.2,0.0,2.8,1.45,1.8,6
354332.0,0.0,0.0,2.85,0.5,0.95,1.85,2.75,0.0,0.0,0.0,0.1,1.2,0.35,2.8,1.45,1.8,5
352020.0,0.0,0.0,2.85,0.5,0.95,1.85,2.75,0.0,0.0,0.0,0.1,1.2,0.0,2.8,1.45,1.8,6
354524.0,0.0,0.0,2.85,0.5,0.95,1.85,2.75,0.0,0.0,0.0,0.0,1.2,0.35,2.8,1.45,1.8,6
351672.0,0.0,0.0,2.85,0.5,0.95,1.85,2.75,0.0,0.0,0.0,0.0,1.2,0.0,2.8,1.45,1.8,7
353580.0,0.0,0.0,2.85,0.5,0.0,1.85,2.75,0.9,0.1,0.45,0.1,1.2,0.35,2.8,1.45,1.8,3
352236.0,0.0,0.0,2.85,0.5,0.0,1.85,2.75,0.9,0.1,0.45,0.1,1.2,0.0,2.8,1.45,1.8,4
353700.0,0.0,0.0,2.85,0.5,0.0,1.85,2.75,0.9,0.1,0.45,0.0,1.2,0.35,2.8,1.45,1.8,4
352068.0,0.0,0.0,2.85,0.5,0.0,1.85,2.75,0.9,0.1,0.45,0.0,1.2,0.0,2.8,1.45,1.8,5
353620.0,0.0,0.0,2.85,0.5,0.0,1.85,2.75,0.9,0.1,0.0,0.1,1.2,0.35,2.8,1.45,1.8,4
351988.0,0.0,0.0,2.85,0.5,0.0,1.85,2.75,0.9,0.1,0.0,0.1,1.2,0.0,2.8,1.45,1.8,5
353740.0,0.0,0.0,2.85,0.5,0.0,1.85,2.75,0.9,0.1,0.0,0.0,1.2,0.35,2.8,1.45,1.8,5
351820.0,0.0,0.0,2.85,0.5,0.0,1.85,2.75,0.9,0.1,0.0,0.0,1.2,0.0,2.8,1.45,1.8,6
353076.0,0.0,0.0,2.85,0.5,0.0,1.85,2.75,0.9,0.0,0.45,0.1,1.2,0.35,2.8,1.45,1.8,4
350892.0,0.0,0.0,2.85,0.5,0.0,1.85,2.75,0.9,0.0,0.45,0.1,1.2,0.0,2.8,1.45,1.8,5
353196.0,0.0,0.0,2.85,0.5,0.0,1.85,2.75,0.9,0.0,0.45,0.0,1.2,0.35,2.8,1.45,1.8,5
350724.0,0.0,0.0,2.85,0.5,0.0,1.85,2.75,0.9,0.0,0.45,0.0,1.2,0.0,2.8,1.45,1.8,6
352812.0,0.0,0.0,2.85,0.5,0.0,1.85,2.75,0.9,0.0,0.0,0.1,1.2,0.35,2.8,1.45,1.8,5
350364.0,0.0,0.0,2.85,0.5,0.0,1.85,2.75,0.9,0.0,0.0,0.1,1.2,0.0,2.8,1.45,1.8,6
353004.0,0.0,0.0,2.85,0.5,0.0,1.85,2.75,0.9,0.0,0.0,0.0,1.2,0.35,2.8,1.45,1.8,6
350184.0,0.0,0.0,2.85,0.5,0.0,1.85,2.75,0.9,0.0,0.0,0.0,1.2,0.0,2.8,1.45,1.8,7
352884.0,0.0,0.0,2.85,0.5,0.0,1.85,2.75,0.0,0.1,0.45,0.1,1.2,0.35,2.8,1.45,1.8,4
352020.0,0.0,0.0,2.85,0.5,0.0,1.85,2.75,0.0,0.1,0.45,0.1,1.2,0.0,2.8,1.45,1.8,5
353004.0,0.0,0.0,2.85,0.5,0.0,1.85,2.75,0.0,0.1,0.45,0.0,1.2,0.35,2.8,1.45,1.8,5
351684.0,0.0,0.0,2.85,0.5,0.0,1.85,2.75,0.0,0.1,0.45,0.0,1.2,0.0,2.8,1.45,1.8,6
352540.0,0.0,0.0,2.85,0.5,0.0,1.85,2.75,0.0,0.1,0.0,0.1,1.2,0.35,2.8,1.45,1.8,5
351196.0,0.0,0.0,2.85,0.5,0.0,1.85,2.75,0.0,0.1,0.0,0.1,1.2,0.0,2.8,1.45,1.8,6
352660.0,0.0,0.0,2.85,0.5,0.0,1.85,2.75,0.0,0.1,0.0,0.0,1.2,0.35,2.8,1.45,1.8,6
350860.0,0.0,0.0,2.85,0.5,0.0,1.85,2.75,0.0,0.1,0.0,0.0,1.2,0.0,2.8,1.45,1.8,7
352380.0,0.0,0.0,2.85,0.5,0.0,1.85,2.75,0.0,0.0,0.45,0.1,1.2,0.35,2.8,1.45,1.8,5
350676.0,0.0,0.0,2.85,0.5,0.0,1.85,2.75,0.0,0.0,0.45,0.1,1.2,0.0,2.8,1.45,1.8,6
352500.0,0.0,0.0,2.85,0.5,0.0,1.85,2.75,0.0,0.0,0.45,0.0,1.2,0.35,2.8,1.45,1.8,6
350340.0,0.0,0.0,2.85,0.5,0.0,1.85,2.75,0.0,0.0,0.45,0.0,1.2,0.0,2.8,1.45,1.8,7
351732.0,0.0,0.0,2.85,0.5,0.0,1.85,2.75,0.0,0.0,0.0,0.1,1.2,0.35,2.8,1.45,1.8,6
349588.0,0.0,0.0,2.85,0.5,0.0,1.85,2.75,0.0,0.0,0.0,0.1,1.2,0.0,2.8,1.45,1.8,7
351924.0,0.0,0.0,2.85,0.5,0.0,1.85,2.75,0.0,0.0,0.0,0.0,1.2,0.35,2.8,1.45,1.8,7
349240.0,0.0,0.0,2.85,0.5,0.0,1.85,2.75,0.0,0.0,0.0,0.0,1.2,0.0,2.8,1.45,1.8,8
355868.0,0.0,0.0,2.85,0.0,0.95,1.85,2.75,0.9,0.1,0.45,0.1,1.2,0.35,2.8,1.45,1.8,3
354332.0,0.0,0.0,2.85,0.0,0.95,1.85,2.75,0.9,0.1,0.45,0.1,1.2,0.0,2.8,1.45,1.8,4
355988.0,0.0,0.0,2.85,0.0,0.95,1.85,2.75,0.9,0.1,0.45,0.0,1.2,0.35,2.8,1.45,1.8,4
354164.0,0.0,0.0,2.85,0.0,0.95,1.85,2.75,0.9,0.1,0.45,0.0,1.2,0.0,2.8,1.45,1.8,5
355452.0,0.0,0.0,2.85,0.0,0.95,1.85,2.75,0.9,0.1,0.0,0.1,1.2,0.35,2.8,1.45,1.8,4
353820.0,0.0,0.0,2.85,0.0,0.95,1.85,2.75,0.9,0.1,0.0,0.1,1.2,0.0,2.8,1.45,1.8,5
355524.0,0.0,0.0,2.85,0.0,0.95,1.85,2.75,0.9,0.1,0.0,0.0,1.2,0.35,2.8,1.45,1.8,5
353604.0,0.0,0.0,2.85,0.0,0.95,1.85,2.75,0.9,0.1,0.0,0.0,1.2,0.0,2.8,1.45,1.8,6
355292.0,0.0,0.0,2.85,0.0,0.95,1.85,2.75,0.9,0.0,0.45,0.1,1.2,0.35,2.8,1.45,1.8,4
352916.0,0.0,0.0,2.85,0.0,0.95,1.85,2.75,0.9,0.0,0.45,0.1,1.2,0.0,2.8,1.45,1.8,5
355412.0,0.0,0.0,2.85,0.0,0.95,1.85,2.75,0.9,0.0,0.45,0.0,1.2,0.35,2.8,1.45,1.8,5
352748.0,0.0,0.0,2.85,0.0,0.95,1.85,2.75,0.9,0.0,0.45,0.0,1.2,0.0,2.8,1.45,1.8,6
354716.0,0.0,0.0,2.85,0.0,0.95,1.85,2.75,0.9,0.0,0.0,0.1,1.2,0.35,2.8,1.45,1.8,5
352212.0,0.0,0.0,2.85,0.0,0.95,1.85,2.75,0.9,0.0,0.0,0.1,1.2,0.0,2.8,1.45,1.8,6
354860.0,0.0,0.0,2.85,0.0,0.95,1.85,2.75,0.9,0.0,0.0,0.0,1.2,0.35,2.8,1.45,1.8,6
351984.0,0.0,0.0,2.85,0.0,0.95,1.85,2.75,0.9,0.0,0.0,0.0,1.2,0.0,2.8,1.45,1.8,7
355292.0,0.0,0.0,2.85,0.0,0.95,1.85,2.75,0.0,0.1,0.45,0.1,1.2,0.35,2.8,1.45,1.8,4
354044.0,0.0,0.0,2.85,0.0,0.95,1.85,2.75,0.0,0.1,0.45,0.1,1.2,0.0,2.8,1.45,1.8,5
355412.0,0.0,0.0,2.85,0.0,0.95,1.85,2.75,0.0,0.1,0.45,0.0,1.2,0.35,2.8,1.45,1.8,5
353708.0,0.0,0.0,2.85,0.0,0.95,1.85,2.75,0.0,0.1,0.45,0.0,1.2,0.0,2.8,1.45,1.8,6
354876.0,0.0,0.0,2.85,0.0,0.95,1.85,2.75,0.0,0.1,0.0,0.1,1.2,0.35,2.8,1.45,1.8,5
353436.0,0.0,0.0,2.85,0.0,0.95,1.85,2.75,0.0,0.1,0.0,0.1,1.2,0.0,2.8,1.45,1.8,6
354948.0,0.0,0.0,2.85,0.0,0.95,1.85,2.75,0.0,0.1,0.0,0.0,1.2,0.35,2.8,1.45,1.8,6
353052.0,0.0,0.0,2.85,0.0,0.95,1.85,2.75,0.0,0.1,0.0,0.0,1.2,0.0,2.8,1.45,1.8,7
354716.0,0.0,0.0,2.85,0.0,0.95,1.85,2.75,0.0,0.0,0.45,0.1,1.2,0.35,2.8,1.45,1.8,5
352628.0,0.0,0.0,2.85,0.0,0.95,1.85,2.75,0.0,0.0,0.45,0.1,1.2,0.0,2.8,1.45,1.8,6
354836.0,0.0,0.0,2.85,0.0,0.95,1.85,2.75,0.0,0.0,0.45,0.0,1.2,0.35,2.8,1.45,1.8,6
352292.0,0.0,0.0,2.85,0.0,0.95,1.85,2.75,0.0,0.0,0.45,0.0,1.2,0.0,2.8,1.45,1.8,7
354140.0,0.0,0.0,2.85,0.0,0.95,1.85,2.75,0.0,0.0,0.0,0.1,1.2,0.35,2.8,1.45,1.8,6
351828.0,0.0,0.0,2.85,0.0,0.95,1.85,2.75,0.0,0.0,0.0,0.1,1.2,0.0,2.8,1.45,1.8,7
354284.0,0.0,0.0,2.85,0.0,0.95,1.85,2.75,0.0,0.0,0.0,0.0,1.2,0.35,2.8,1.45,1.8,7
351432.0,0.0,0.0,2.85,0.0,0.95,1.85,2.75,0.0,0.0,0.0,0.0,1.2,0.0,2.8,1.45,1.8,8
353868.0,0.0,0.0,2.85,0.0,0.0,1.85,2.75,0.9,0.1,0.45,0.1,1.2,0.35,2.8,1.45,1.8,4
352524.0,0.0,0.0,2.85,0.0,0.0,1.85,2.75,0.9,0.1,0.45,0.1,1.2,0.0,2.8,1.45,1.8,5
353988.0,0.0,0.0,2.85,0.0,0.0,1.85,2.75,0.9,0.1,0.45,0.0,1.2,0.35,2.8,1.45,1.8,5
352356.0,0.0,0.0,2.85,0.0,0.0,1.85,2.75,0.9,0.1,0.45,0.0,1.2,0.0,2.8,1.45,1.8,6
353620.0,0.0,0.0,2.85,0.0,0.0,1.85,2.75,0.9,0.1,0.0,0.1,1.2,0.35,2.8,1.45,1.8,5
352084.0,0.0,0.0,2.85,0.0,0.0,1.85,2.75,0.9,0.1,0.0,0.1,1.2,0.0,2.8,1.45,1.8,6
353692.0,0.0,0.0,2.85,0.0,0.0,1.85,2.75,0.9,0.1,0.0,0.0,1.2,0.35,2.8,1.45,1.8,6
351868.0,0.0,0.0,2.85,0.0,0.0,1.85,2.75,0.9,0.1,0.0,0.0,1.2,0.0,2.8,1.45,1.8,7
353364.0,0.0,0.0,2.85,0.0,0.0,1.85,2.75,0.9,0.0,0.45,0.1,1.2,0.35,2.8,1.45,1.8,5
351180.0,0.0,0.0,2.85,0.0,0.0,1.85,2.75,0.9,0.0,0.45,0.1,1.2,0.0,2.8,1.45,1.8,6
353484.0,0.0,0.0,2.85,0.0,0.0,1.85,2.75,0.9,0.0,0.45,0.0,1.2,0.35,2.8,1.45,1.8,6
351012.0,0.0,0.0,2.85,0.0,0.0,1.85,2.75,0.9,0.0,0.45,0.0,1.2,0.0,2.8,1.45,1.8,7
352812.0,0.0,0.0,2.85,0.0,0.0,1.85,2.75,0.9,0.0,0.0,0.1,1.2,0.35,2.8,1.45,1.8,6
350460.0,0.0,0.0,2.85,0.0,0.0,1.85,2.75,0.9,0.0,0.0,0.1,1.2,0.0,2.8,1.45,1.8,7
352956.0,0.0,0.0,2.85,0.0,0.0,1.85,2.75,0.9,0.0,0.0,0.0,1.2,0.35,2.8,1.45,1.8,7
350232.0,0.0,0.0,2.85,0.0,0.0,1.85,2.75,0.9,0.0,0.0,0.0,1.2,0.0,2.8,1.45,1.8,8
352788.0,0.0,0.0,2.85,0.0,0.0,1.85,2.75,0.0,0.1,0.45,0.1,1.2,0.35,2.8,1.45,1.8,5
351828.0,0.0,0.0,2.85,0.0,0.0,1.85,2.75,0.0,0.1,0.45,0.1,1.2,0.0,2.8,1.45,1.8,6
352908.0,0.0,0.0,2.85,0.0,0.0,1.85,2.75,0.0,0.1,0.45,0.0,1.2,0.35,2.8,1.45,1.8,6
351492.0,0.0,0.0,2.85,0.0,0.0,1.85,2.75,0.0,0.1,0.45,0.0,1.2,0.0,2.8,1.45,1.8,7
352444.0,0.0,0.0,2.85,0.0,0.0,1.85,2.75,0.0,0.1,0.0,0.1,1.2,0.35,2.8,1.45,1.8,6
351196.0,0.0,0.0,2.85,0.0,0.0,1.85,2.75,0.0,0.1,0.0,0.1,1.2,0.0,2.8,1.45,1.8,7
352516.0,0.0,0.0,2.85,0.0,0.0,1.85,2.75,0.0,0.1,0.0,0.0,1.2,0.35,2.8,1.45,1.8,7
350812.0,0.0,0.0,2.85,0.0,0.0,1.85,2.75,0.0,0.1,0.0,0.0,1.2,0.0,2.8,1.45,1.8,8
352284.0,0.0,0.0,2.85,0.0,0.0,1.85,2.75,0.0,0.0,0.45,0.1,1.2,0.35,2.8,1.45,1.8,6
350484.0,0.0,0.0,2.85,0.0,0.0,1.85,2.75,0.0,0.0,0.45,0.1,1.2,0.0,2.8,1.45,1.8,7
352404.0,0.0,0.0,2.85,0.0,0.0,1.85,2.75,0.0,0.0,0.45,0.0,1.2,0.35,2.8,1.45,1.8,7
350148.0,0.0,0.0,2.85,0.0,0.0,1.85,2.75,0.0,0.0,0.45,0.0,1.2,0.0,2.8,1.45,1.8,8
351636.0,0.0,0.0,2.85,0.0,0.0,1.85,2.75,0.0,0.0,0.0,0.1,1.2,0.35,2.8,1.45,1.8,7
349588.0,0.0,0.0,2.85,0.0,0.0,1.85,2.75,0.0,0.0,0.0,0.1,1.2,0.0,2.8,1.45,1.8,8
351780.0,0.0,0.0,2.85,0.0,0.0,1.85,2.75,0.0,0.0,0.0,0.0,1.2,0.35,2.8,1.45,1.8,8
349192.0,0.0,0.0,2.85,0.0,0.0,1.85,2.75,0.0,0.0,0.0,0.0,1.2,0.0,2.8,1.45,1.8,9
