tag,class,score
0.0,0.0,344372.0
0.0,0.05,345104.0
0.0,0.1,345308.0
0.0,0.15,345548.0
0.0,0.2,345620.0
0.0,0.25,345980.0
0.0,0.3,346220.0
0.0,0.35,346604.0
0.0,0.4,346604.0
0.0,0.45,346676.0
0.0,0.5,346676.0
0.0,0.55,346676.0
0.0,0.6,346676.0
0.0,0.65,346964.0
0.0,0.7,347012.0
0.0,0.75,346916.0
0.0,0.8,346916.0
0.0,0.85,346916.0
0.0,0.9,346916.0
0.0,0.95,346916.0
0.0,1.0,346820.0
0.0,1.05,346916.0
0.0,1.1,346724.0
0.0,1.15,346820.0
0.0,1.2,346820.0
0.0,1.25,346724.0
0.0,1.3,346628.0
0.0,1.35,346724.0
0.0,1.4,346532.0
0.0,1.45,346532.0
0.0,1.5,346244.0
0.0,1.55,346340.0
0.0,1.6,346340.0
0.0,1.65,346316.0
0.0,1.7,346388.0
0.0,1.75,346388.0
0.0,1.8,346388.0
0.0,1.85,346244.0
0.0,1.9,346148.0
0.0,1.95,346124.0
0.0,2.0,345932.0
0.0,2.05,345740.0
0.0,2.1,345716.0
0.0,2.15,345812.0
0.0,2.2,345404.0
0.0,2.25,345380.0
0.0,2.3,345476.0
0.0,2.35,345476.0
0.0,2.4,345476.0
0.0,2.45,345284.0
0.0,2.5,345284.0
0.0,2.55,345284.0
0.0,2.6,345164.0
0.0,2.65,345052.0
0.0,2.7,344956.0
0.0,2.75,344764.0
0.0,2.8,344700.0
0.0,2.85,344700.0
0.0,2.9,344604.0
0.0,2.95,344484.0
0.0,3.0,344292.0
0.05,0.0,348704.0
0.05,0.05,348992.0
0.05,0.1,349136.0
0.05,0.15,348920.0
0.05,0.2,348248.0
0.05,0.25,348548.0
0.05,0.3,348932.0
0.05,0.35,348932.0
0.05,0.4,348836.0
0.05,0.45,348932.0
0.05,0.5,348740.0
0.05,0.55,348836.0
0.05,0.6,348860.0
0.05,0.65,348956.0
0.05,0.7,348860.0
0.05,0.75,348668.0
0.05,0.8,348668.0
0.05,0.85,348596.0
0.05,0.9,348596.0
0.05,0.95,348644.0
0.05,1.0,348716.0
0.05,1.05,348644.0
0.05,1.1,348548.0
0.05,1.15,348644.0
0.05,1.2,348644.0
0.05,1.25,348572.0
0.05,1.3,348476.0
0.05,1.35,348572.0
0.05,1.4,348380.0
0.05,1.45,348380.0
0.05,1.5,348092.0
0.05,1.55,347900.0
0.05,1.6,347804.0
0.05,1.65,347804.0
0.05,1.7,347804.0
0.05,1.75,347708.0
0.05,1.8,347708.0
0.05,1.85,347612.0
0.05,1.9,347516.0
0.05,1.95,347492.0
0.05,2.0,347444.0
0.05,2.05,347444.0
0.05,2.1,347540.0
0.05,2.15,347444.0
0.05,2.2,347156.0
0.05,2.25,346964.0
0.05,2.3,346964.0
0.05,2.35,346772.0
0.05,2.4,346772.0
0.05,2.45,346772.0
0.05,2.5,346580.0
0.05,2.55,346388.0
0.05,2.6,346388.0
0.05,2.65,346388.0
0.05,2.7,346292.0
0.05,2.75,346292.0
0.05,2.8,346276.0
0.05,2.85,346084.0
0.05,2.9,346084.0
0.05,2.95,345940.0
0.05,3.0,345828.0
0.1,0.0,349952.0
0.1,0.05,350552.0
0.1,0.1,350744.0
0.1,0.15,350912.0
0.1,0.2,351056.0
0.1,0.25,351224.0
0.1,0.3,351248.0
0.1,0.35,351320.0
0.1,0.4,351032.0
0.1,0.45,350036.0
0.1,0.5,349748.0
0.1,0.55,349844.0
0.1,0.6,349844.0
0.1,0.65,349940.0
0.1,0.7,349940.0
0.1,0.75,349748.0
0.1,0.8,349748.0
0.1,0.85,349868.0
0.1,0.9,349868.0
0.1,0.95,349964.0
0.1,1.0,349964.0
0.1,1.05,350060.0
0.1,1.1,350156.0
0.1,1.15,350060.0
0.1,1.2,349796.0
0.1,1.25,349652.0
0.1,1.3,349556.0
0.1,1.35,349556.0
0.1,1.4,349460.0
0.1,1.45,349364.0
0.1,1.5,349172.0
0.1,1.55,349076.0
0.1,1.6,348788.0
0.1,1.65,348596.0
0.1,1.7,348596.0
0.1,1.75,348428.0
0.1,1.8,348428.0
0.1,1.85,348428.0
0.1,1.9,348428.0
0.1,1.95,348308.0
0.1,2.0,348500.0
0.1,2.05,348404.0
0.1,2.1,348308.0
0.1,2.15,348260.0
0.1,2.2,348092.0
0.1,2.25,348092.0
0.1,2.3,347804.0
0.1,2.35,347516.0
0.1,2.4,347420.0
0.1,2.45,347420.0
0.1,2.5,347420.0
0.1,2.55,347060.0
0.1,2.6,347060.0
0.1,2.65,347060.0
0.1,2.7,347060.0
0.1,2.75,346964.0
0.1,2.8,346868.0
0.1,2.85,346964.0
0.1,2.9,346964.0
0.1,2.95,346852.0
0.1,3.0,346852.0
0.15,0.0,351296.0
0.15,0.05,351296.0
0.15,0.1,351392.0
0.15,0.15,351704.0
0.15,0.2,351800.0
0.15,0.25,351704.0
0.15,0.3,351776.0
0.15,0.35,351968.0
0.15,0.4,351968.0
0.15,0.45,351896.0
0.15,0.5,351896.0
0.15,0.55,351896.0
0.15,0.6,351992.0
0.15,0.65,351764.0
0.15,0.7,351284.0
0.15,0.75,350516.0
0.15,0.8,350612.0
0.15,0.85,350516.0
0.15,0.9,350708.0
0.15,0.95,350708.0
0.15,1.0,350708.0
0.15,1.05,350708.0
0.15,1.1,350612.0
0.15,1.15,350612.0
0.15,1.2,350516.0
0.15,1.25,350420.0
0.15,1.3,350060.0
0.15,1.35,350060.0
0.15,1.4,349964.0
0.15,1.45,349964.0
0.15,1.5,349772.0
0.15,1.55,349724.0
0.15,1.6,349532.0
0.15,1.65,349148.0
0.15,1.7,349148.0
0.15,1.75,349076.0
0.15,1.8,348980.0
0.15,1.85,348980.0
0.15,1.9,349172.0
0.15,1.95,349148.0
0.15,2.0,349052.0
0.15,2.05,349052.0
0.15,2.1,349052.0
0.15,2.15,348956.0
0.15,2.2,348764.0
0.15,2.25,348764.0
0.15,2.3,348668.0
0.15,2.35,348140.0
0.15,2.4,348140.0
0.15,2.45,348044.0
0.15,2.5,347948.0
0.15,2.55,347852.0
0.15,2.6,347660.0
0.15,2.65,347588.0
0.15,2.7,347684.0
0.15,2.75,347684.0
0.15,2.8,347588.0
0.15,2.85,347588.0
0.15,2.9,347588.0
0.15,2.95,347588.0
0.15,3.0,347588.0
0.2,0.0,351488.0
0.2,0.05,351632.0
0.2,0.1,351920.0
0.2,0.15,352184.0
0.2,0.2,352184.0
0.2,0.25,352544.0
0.2,0.3,352544.0
0.2,0.35,352352.0
0.2,0.4,352160.0
0.2,0.45,352160.0
0.2,0.5,352064.0
0.2,0.55,352160.0
0.2,0.6,352280.0
0.2,0.65,352472.0
0.2,0.7,352472.0
0.2,0.75,352376.0
0.2,0.8,352340.0
0.2,0.85,352340.0
0.2,0.9,352148.0
0.2,0.95,351764.0
0.2,1.0,350996.0
0.2,1.05,350996.0
0.2,1.1,350804.0
0.2,1.15,350804.0
0.2,1.2,350804.0
0.2,1.25,350804.0
0.2,1.3,350612.0
0.2,1.35,350516.0
0.2,1.4,350324.0
0.2,1.45,350228.0
0.2,1.5,350036.0
0.2,1.55,349940.0
0.2,1.6,349844.0
0.2,1.65,349748.0
0.2,1.7,349556.0
0.2,1.75,349580.0
0.2,1.8,349628.0
0.2,1.85,349628.0
0.2,1.9,349532.0
0.2,1.95,349604.0
0.2,2.0,349508.0
0.2,2.05,349316.0
0.2,2.1,349220.0
0.2,2.15,349124.0
0.2,2.2,349028.0
0.2,2.25,349028.0
0.2,2.3,349028.0
0.2,2.35,348764.0
0.2,2.4,348476.0
0.2,2.45,348476.0
0.2,2.5,348428.0
0.2,2.55,348332.0
0.2,2.6,348428.0
0.2,2.65,348236.0
0.2,2.7,348140.0
0.2,2.75,348044.0
0.2,2.8,348044.0
0.2,2.85,348044.0
0.2,2.9,347852.0
0.2,2.95,347756.0
0.2,3.0,347756.0
0.25,0.0,352016.0
0.25,0.05,352208.0
0.25,0.1,352496.0
0.25,0.15,352640.0
0.25,0.2,352640.0
0.25,0.25,352736.0
0.25,0.3,352928.0
0.25,0.35,352832.0
0.25,0.4,352832.0
0.25,0.45,353024.0
0.25,0.5,352640.0
0.25,0.55,352640.0
0.25,0.6,352832.0
0.25,0.65,353024.0
0.25,0.7,352952.0
0.25,0.75,352664.0
0.25,0.8,352568.0
0.25,0.85,352568.0
0.25,0.9,352568.0
0.25,0.95,352568.0
0.25,1.0,352532.0
0.25,1.05,352532.0
0.25,1.1,352532.0
0.25,1.15,352532.0
0.25,1.2,352244.0
0.25,1.25,351284.0
0.25,1.3,351092.0
0.25,1.35,350996.0
0.25,1.4,350612.0
0.25,1.45,350612.0
0.25,1.5,350324.0
0.25,1.55,350324.0
0.25,1.6,350132.0
0.25,1.65,350228.0
0.25,1.7,350228.0
0.25,1.75,350036.0
0.25,1.8,349940.0
0.25,1.85,350036.0
0.25,1.9,350036.0
0.25,1.95,350012.0
0.25,2.0,350012.0
0.25,2.05,349820.0
0.25,2.1,349676.0
0.25,2.15,349580.0
0.25,2.2,349412.0
0.25,2.25,349412.0
0.25,2.3,349412.0
0.25,2.35,349220.0
0.25,2.4,349220.0
0.25,2.45,349028.0
0.25,2.5,349028.0
0.25,2.55,348932.0
0.25,2.6,348836.0
0.25,2.65,348788.0
0.25,2.7,348596.0
0.25,2.75,348500.0
0.25,2.8,348500.0
0.25,2.85,348404.0
0.25,2.9,348332.0
0.25,2.95,348236.0
0.25,3.0,348236.0
0.3,0.0,352472.0
0.3,0.05,352568.0
0.3,0.1,352832.0
0.3,0.15,352904.0
0.3,0.2,352904.0
0.3,0.25,353384.0
0.3,0.3,353480.0
0.3,0.35,353480.0
0.3,0.4,353384.0
0.3,0.45,353192.0
0.3,0.5,353096.0
0.3,0.55,353096.0
0.3,0.6,353000.0
0.3,0.65,353192.0
0.3,0.7,353192.0
0.3,0.75,353000.0
0.3,0.8,353000.0
0.3,0.85,352928.0
0.3,0.9,352832.0
0.3,0.95,352832.0
0.3,1.0,352832.0
0.3,1.05,352832.0
0.3,1.1,352832.0
0.3,1.15,352700.0
0.3,1.2,352700.0
0.3,1.25,352700.0
0.3,1.3,352508.0
0.3,1.35,352508.0
0.3,1.4,352316.0
0.3,1.45,351932.0
0.3,1.5,351452.0
0.3,1.55,350876.0
0.3,1.6,350780.0
0.3,1.65,350588.0
0.3,1.7,350588.0
0.3,1.75,350492.0
0.3,1.8,350396.0
0.3,1.85,350396.0
0.3,1.9,350396.0
0.3,1.95,350300.0
0.3,2.0,350300.0
0.3,2.05,350204.0
0.3,2.1,350204.0
0.3,2.15,349916.0
0.3,2.2,349724.0
0.3,2.25,349724.0
0.3,2.3,349820.0
0.3,2.35,349628.0
0.3,2.4,349580.0
0.3,2.45,349580.0
0.3,2.5,349292.0
0.3,2.55,349196.0
0.3,2.6,349196.0
0.3,2.65,349124.0
0.3,2.7,349124.0
0.3,2.75,348932.0
0.3,2.8,348932.0
0.3,2.85,348884.0
0.3,2.9,348884.0
0.3,2.95,348884.0
0.3,3.0,348788.0
0.35,0.0,352736.0
0.35,0.05,353096.0
0.35,0.1,353192.0
0.35,0.15,353552.0
0.35,0.2,353552.0
0.35,0.25,353744.0
0.35,0.3,353840.0
0.35,0.35,353936.0
0.35,0.4,353936.0
0.35,0.45,353744.0
0.35,0.5,353456.0
0.35,0.55,353456.0
0.35,0.6,353552.0
0.35,0.65,353744.0
0.35,0.7,353552.0
0.35,0.75,353264.0
0.35,0.8,353264.0
0.35,0.85,353264.0
0.35,0.9,353264.0
0.35,0.95,353168.0
0.35,1.0,353096.0
0.35,1.05,353096.0
0.35,1.1,353096.0
0.35,1.15,353000.0
0.35,1.2,353000.0
0.35,1.25,353000.0
0.35,1.3,352904.0
0.35,1.35,352868.0
0.35,1.4,352868.0
0.35,1.45,352772.0
0.35,1.5,352484.0
0.35,1.55,352580.0
0.35,1.6,352484.0
0.35,1.65,352484.0
0.35,1.7,352196.0
0.35,1.75,351812.0
0.35,1.8,350948.0
0.35,1.85,350756.0
0.35,1.9,350660.0
0.35,1.95,350660.0
0.35,2.0,350660.0
0.35,2.05,350564.0
0.35,2.1,350564.0
0.35,2.15,350564.0
0.35,2.2,350372.0
0.35,2.25,350372.0
0.35,2.3,350276.0
0.35,2.35,349988.0
0.35,2.4,349988.0
0.35,2.45,349988.0
0.35,2.5,349892.0
0.35,2.55,349508.0
0.35,2.6,349508.0
0.35,2.65,349460.0
0.35,2.7,349556.0
0.35,2.75,349556.0
0.35,2.8,349364.0
0.35,2.85,349364.0
0.35,2.9,349364.0
0.35,2.95,349364.0
0.35,3.0,349316.0
0.4,0.0,353192.0
0.4,0.05,353288.0
0.4,0.1,353576.0
0.4,0.15,353744.0
0.4,0.2,353840.0
0.4,0.25,354032.0
0.4,0.3,354128.0
0.4,0.35,354128.0
0.4,0.4,354128.0
0.4,0.45,354128.0
0.4,0.5,353840.0
0.4,0.55,353744.0
0.4,0.6,353744.0
0.4,0.65,353936.0
0.4,0.7,353936.0
0.4,0.75,353744.0
0.4,0.8,353552.0
0.4,0.85,353552.0
0.4,0.9,353552.0
0.4,0.95,353552.0
0.4,1.0,353456.0
0.4,1.05,353264.0
0.4,1.1,353264.0
0.4,1.15,353192.0
0.4,1.2,353192.0
0.4,1.25,353192.0
0.4,1.3,353192.0
0.4,1.35,353192.0
0.4,1.4,353096.0
0.4,1.45,353192.0
0.4,1.5,352964.0
0.4,1.55,352868.0
0.4,1.6,352868.0
0.4,1.65,352868.0
0.4,1.7,352868.0
0.4,1.75,352772.0
0.4,1.8,352676.0
0.4,1.85,352580.0
0.4,1.9,352292.0
0.4,1.95,352292.0
0.4,2.0,352100.0
0.4,2.05,351044.0
0.4,2.1,351044.0
0.4,2.15,350852.0
0.4,2.2,350756.0
0.4,2.25,350660.0
0.4,2.3,350660.0
0.4,2.35,350372.0
0.4,2.4,350372.0
0.4,2.45,350372.0
0.4,2.5,350372.0
0.4,2.55,350276.0
0.4,2.6,349988.0
0.4,2.65,349988.0
0.4,2.7,349988.0
0.4,2.75,349892.0
0.4,2.8,349892.0
0.4,2.85,349604.0
0.4,2.9,349604.0
0.4,2.95,349556.0
0.4,3.0,349556.0
0.45,0.0,353192.0
0.45,0.05,353480.0
0.45,0.1,353672.0
0.45,0.15,353840.0
0.45,0.2,353840.0
0.45,0.25,354032.0
0.45,0.3,354128.0
0.45,0.35,354128.0
0.45,0.4,354128.0
0.45,0.45,354128.0
0.45,0.5,353936.0
0.45,0.55,353840.0
0.45,0.6,353840.0
0.45,0.65,354032.0
0.45,0.7,354032.0
0.45,0.75,353744.0
0.45,0.8,353744.0
0.45,0.85,353744.0
0.45,0.9,353552.0
0.45,0.95,353456.0
0.45,1.0,353456.0
0.45,1.05,353456.0
0.45,1.1,353360.0
0.45,1.15,353456.0
0.45,1.2,353456.0
0.45,1.25,353360.0
0.45,1.3,353192.0
0.45,1.35,353288.0
0.45,1.4,353192.0
0.45,1.45,353192.0
0.45,1.5,353288.0
0.45,1.55,353192.0
0.45,1.6,353000.0
0.45,1.65,353000.0
0.45,1.7,352964.0
0.45,1.75,352964.0
0.45,1.8,352868.0
0.45,1.85,352964.0
0.45,1.9,352772.0
0.45,1.95,352580.0
0.45,2.0,352580.0
0.45,2.05,352484.0
0.45,2.1,352484.0
0.45,2.15,352388.0
0.45,2.2,352292.0
0.45,2.25,351908.0
0.45,2.3,351332.0
0.45,2.35,350564.0
0.45,2.4,350564.0
0.45,2.45,350372.0
0.45,2.5,350372.0
0.45,2.55,350276.0
0.45,2.6,350276.0
0.45,2.65,349988.0
0.45,2.7,349988.0
0.45,2.75,349988.0
0.45,2.8,349988.0
0.45,2.85,349988.0
0.45,2.9,349796.0
0.45,2.95,349748.0
0.45,3.0,349748.0
0.5,0.0,353384.0
0.5,0.05,353480.0
0.5,0.1,353672.0
0.5,0.15,353840.0
0.5,0.2,353840.0
0.5,0.25,354032.0
0.5,0.3,354128.0
0.5,0.35,354128.0
0.5,0.4,354128.0
0.5,0.45,354128.0
0.5,0.5,353936.0
0.5,0.55,353936.0
0.5,0.6,353936.0
0.5,0.65,354032.0
0.5,0.7,354032.0
0.5,0.75,353840.0
0.5,0.8,353744.0
0.5,0.85,353744.0
0.5,0.9,353744.0
0.5,0.95,353744.0
0.5,1.0,353552.0
0.5,1.05,353648.0
0.5,1.1,353648.0
0.5,1.15,353648.0
0.5,1.2,353552.0
0.5,1.25,353648.0
0.5,1.3,353552.0
0.5,1.35,353552.0
0.5,1.4,353480.0
0.5,1.45,353480.0
0.5,1.5,353288.0
0.5,1.55,353288.0
0.5,1.6,353096.0
0.5,1.65,353000.0
0.5,1.7,353096.0
0.5,1.75,353096.0
0.5,1.8,353096.0
0.5,1.85,353000.0
0.5,1.9,352964.0
0.5,1.95,352868.0
0.5,2.0,352580.0
0.5,2.05,352484.0
0.5,2.1,352484.0
0.5,2.15,352388.0
0.5,2.2,352292.0
0.5,2.25,352292.0
0.5,2.3,352196.0
0.5,2.35,352004.0
0.5,2.4,352004.0
0.5,2.45,352004.0
0.5,2.5,351812.0
0.5,2.55,351236.0
0.5,2.6,350468.0
0.5,2.65,350372.0
0.5,2.7,349988.0
0.5,2.75,349988.0
0.5,2.8,349988.0
0.5,2.85,349988.0
0.5,2.9,349988.0
0.5,2.95,349748.0
0.5,3.0,349652.0
0.55,0.0,353672.0
0.55,0.05,353768.0
0.55,0.1,353960.0
0.55,0.15,354128.0
0.55,0.2,354128.0
0.55,0.25,354320.0
0.55,0.3,354512.0
0.55,0.35,354512.0
0.55,0.4,354416.0
0.55,0.45,354416.0
0.55,0.5,354224.0
0.55,0.55,354224.0
0.55,0.6,354320.0
0.55,0.65,354416.0
0.55,0.7,354320.0
0.55,0.75,354128.0
0.55,0.8,354128.0
0.55,0.85,354128.0
0.55,0.9,354224.0
0.55,0.95,354224.0
0.55,1.0,354224.0
0.55,1.05,354128.0
0.55,1.1,353936.0
0.55,1.15,354032.0
0.55,1.2,354032.0
0.55,1.25,354032.0
0.55,1.3,353840.0
0.55,1.35,353936.0
0.55,1.4,353840.0
0.55,1.45,353840.0
0.55,1.5,353744.0
0.55,1.55,353672.0
0.55,1.6,353672.0
0.55,1.65,353576.0
0.55,1.7,353480.0
0.55,1.75,353288.0
0.55,1.8,353288.0
0.55,1.85,353288.0
0.55,1.9,353192.0
0.55,1.95,353192.0
0.55,2.0,353096.0
0.55,2.05,352772.0
0.55,2.1,352676.0
0.55,2.15,352580.0
0.55,2.2,352484.0
0.55,2.25,352484.0
0.55,2.3,352388.0
0.55,2.35,352196.0
0.55,2.4,352196.0
0.55,2.45,352196.0
0.55,2.5,352196.0
0.55,2.55,352100.0
0.55,2.6,352100.0
0.55,2.65,352004.0
0.55,2.7,352004.0
0.55,2.75,351716.0
0.55,2.8,351428.0
0.55,2.85,350468.0
0.55,2.9,350276.0
0.55,2.95,350132.0
0.55,3.0,349844.0
0.6,0.0,353744.0
0.6,0.05,353840.0
0.6,0.1,354032.0
0.6,0.15,354200.0
0.6,0.2,354200.0
0.6,0.25,354392.0
0.6,0.3,354416.0
0.6,0.35,354416.0
0.6,0.4,354416.0
0.6,0.45,354416.0
0.6,0.5,354224.0
0.6,0.55,354224.0
0.6,0.6,354320.0
0.6,0.65,354512.0
0.6,0.7,354416.0
0.6,0.75,354128.0
0.6,0.8,354224.0
0.6,0.85,354224.0
0.6,0.9,354224.0
0.6,0.95,354224.0
0.6,1.0,354224.0
0.6,1.05,354224.0
0.6,1.1,354320.0
0.6,1.15,354320.0
0.6,1.2,354032.0
0.6,1.25,354128.0
0.6,1.3,354032.0
0.6,1.35,353936.0
0.6,1.4,353840.0
0.6,1.45,353936.0
0.6,1.5,353840.0
0.6,1.55,353840.0
0.6,1.6,353744.0
0.6,1.65,353744.0
0.6,1.7,353576.0
0.6,1.75,353384.0
0.6,1.8,353384.0
0.6,1.85,353384.0
0.6,1.9,353384.0
0.6,1.95,353288.0
0.6,2.0,353192.0
0.6,2.05,353000.0
0.6,2.1,352808.0
0.6,2.15,352712.0
0.6,2.2,352520.0
0.6,2.25,352484.0
0.6,2.3,352388.0
0.6,2.35,352196.0
0.6,2.4,352196.0
0.6,2.45,352196.0
0.6,2.5,352196.0
0.6,2.55,352100.0
0.6,2.6,352100.0
0.6,2.65,352100.0
0.6,2.7,352004.0
0.6,2.75,352004.0
0.6,2.8,351620.0
0.6,2.85,351620.0
0.6,2.9,351620.0
0.6,2.95,351572.0
0.6,3.0,351572.0
0.65,0.0,353744.0
0.65,0.05,353840.0
0.65,0.1,354032.0
0.65,0.15,354200.0
0.65,0.2,354200.0
0.65,0.25,354392.0
0.65,0.3,354488.0
0.65,0.35,354488.0
0.65,0.4,354488.0
0.65,0.45,354488.0
0.65,0.5,354296.0
0.65,0.55,354296.0
0.65,0.6,354392.0
0.65,0.65,354512.0
0.65,0.7,354608.0
0.65,0.75,354320.0
0.65,0.8,354224.0
0.65,0.85,354224.0
0.65,0.9,354224.0
0.65,0.95,354224.0
0.65,1.0,354320.0
0.65,1.05,354320.0
0.65,1.1,354320.0
0.65,1.15,354416.0
0.65,1.2,354416.0
0.65,1.25,354416.0
0.65,1.3,354224.0
0.65,1.35,354128.0
0.65,1.4,354032.0
0.65,1.45,353936.0
0.65,1.5,353840.0
0.65,1.55,353840.0
0.65,1.6,353744.0
0.65,1.65,353744.0
0.65,1.7,353744.0
0.65,1.75,353552.0
0.65,1.8,353456.0
0.65,1.85,353384.0
0.65,1.9,353384.0
0.65,1.95,353384.0
0.65,2.0,353288.0
0.65,2.05,353192.0
0.65,2.1,353096.0
0.65,2.15,352808.0
0.65,2.2,352712.0
0.65,2.25,352616.0
0.65,2.3,352424.0
0.65,2.35,352232.0
0.65,2.4,352196.0
0.65,2.45,352196.0
0.65,2.5,352196.0
0.65,2.55,352100.0
0.65,2.6,352100.0
0.65,2.65,352100.0
0.65,2.7,352004.0
0.65,2.75,352004.0
0.65,2.8,351908.0
0.65,2.85,351620.0
0.65,2.9,351620.0
0.65,2.95,351572.0
0.65,3.0,351572.0
0.7,0.0,353552.0
0.7,0.05,353648.0
0.7,0.1,353936.0
0.7,0.15,354104.0
0.7,0.2,354104.0
0.7,0.25,354296.0
0.7,0.3,354392.0
0.7,0.35,354392.0
0.7,0.4,354392.0
0.7,0.45,354392.0
0.7,0.5,354200.0
0.7,0.55,354296.0
0.7,0.6,354392.0
0.7,0.65,354584.0
0.7,0.7,354584.0
0.7,0.75,354392.0
0.7,0.8,354296.0
0.7,0.85,354200.0
0.7,0.9,354296.0
0.7,0.95,354296.0
0.7,1.0,354224.0
0.7,1.05,354320.0
0.7,1.1,354320.0
0.7,1.15,354416.0
0.7,1.2,354416.0
0.7,1.25,354416.0
0.7,1.3,354320.0
0.7,1.35,354320.0
0.7,1.4,354032.0
0.7,1.45,354032.0
0.7,1.5,353744.0
0.7,1.55,353744.0
0.7,1.6,353648.0
0.7,1.65,353648.0
0.7,1.7,353648.0
0.7,1.75,353552.0
0.7,1.8,353456.0
0.7,1.85,353360.0
0.7,1.9,353360.0
0.7,1.95,353360.0
0.7,2.0,353288.0
0.7,2.05,353096.0
0.7,2.1,353096.0
0.7,2.15,352904.0
0.7,2.2,352616.0
0.7,2.25,352616.0
0.7,2.3,352424.0
0.7,2.35,352232.0
0.7,2.4,352136.0
0.7,2.45,352136.0
0.7,2.5,352136.0
0.7,2.55,352040.0
0.7,2.6,352004.0
0.7,2.65,351908.0
0.7,2.7,351908.0
0.7,2.75,351908.0
0.7,2.8,351908.0
0.7,2.85,351908.0
0.7,2.9,351524.0
0.7,2.95,351476.0
0.7,3.0,351476.0
0.75,0.0,353648.0
0.75,0.05,353744.0
0.75,0.1,353936.0
0.75,0.15,354104.0
0.75,0.2,354104.0
0.75,0.25,354296.0
0.75,0.3,354488.0
0.75,0.35,354488.0
0.75,0.4,354488.0
0.75,0.45,354584.0
0.75,0.5,354392.0
0.75,0.55,354392.0
0.75,0.6,354392.0
0.75,0.65,354584.0
0.75,0.7,354584.0
0.75,0.75,354392.0
0.75,0.8,354488.0
0.75,0.85,354392.0
0.75,0.9,354296.0
0.75,0.95,354296.0
0.75,1.0,354488.0
0.75,1.05,354488.0
0.75,1.1,354488.0
0.75,1.15,354488.0
0.75,1.2,354488.0
0.75,1.25,354488.0
0.75,1.3,354392.0
0.75,1.35,354392.0
0.75,1.4,354224.0
0.75,1.45,354224.0
0.75,1.5,353936.0
0.75,1.55,353936.0
0.75,1.6,353744.0
0.75,1.65,353648.0
0.75,1.7,353648.0
0.75,1.75,353552.0
0.75,1.8,353552.0
0.75,1.85,353456.0
0.75,1.9,353360.0
0.75,1.95,353360.0
0.75,2.0,353360.0
0.75,2.05,353264.0
0.75,2.1,353168.0
0.75,2.15,353000.0
0.75,2.2,352808.0
0.75,2.25,352616.0
0.75,2.3,352424.0
0.75,2.35,352232.0
0.75,2.4,352232.0
0.75,2.45,352232.0
0.75,2.5,352136.0
0.75,2.55,351944.0
0.75,2.6,351944.0
0.75,2.65,351944.0
0.75,2.7,351944.0
0.75,2.75,351908.0
0.75,2.8,351908.0
0.75,2.85,351908.0
0.75,2.9,351908.0
0.75,2.95,351476.0
0.75,3.0,351476.0
0.8,0.0,353648.0
0.8,0.05,353744.0
0.8,0.1,353936.0
0.8,0.15,354104.0
0.8,0.2,354104.0
0.8,0.25,354296.0
0.8,0.3,354488.0
0.8,0.35,354488.0
0.8,0.4,354488.0
0.8,0.45,354584.0
0.8,0.5,354392.0
0.8,0.55,354392.0
0.8,0.6,354488.0
0.8,0.65,354680.0
0.8,0.7,354680.0
0.8,0.75,354584.0
0.8,0.8,354584.0
0.8,0.85,354680.0
0.8,0.9,354680.0
0.8,0.95,354584.0
0.8,1.0,354584.0
0.8,1.05,354584.0
0.8,1.1,354584.0
0.8,1.15,354584.0
0.8,1.2,354488.0
0.8,1.25,354488.0
0.8,1.3,354392.0
0.8,1.35,354392.0
0.8,1.4,354296.0
0.8,1.45,354296.0
0.8,1.5,354200.0
0.8,1.55,354200.0
0.8,1.6,353912.0
0.8,1.65,353912.0
0.8,1.7,353816.0
0.8,1.75,353648.0
0.8,1.8,353552.0
0.8,1.85,353552.0
0.8,1.9,353456.0
0.8,1.95,353360.0
0.8,2.0,353360.0
0.8,2.05,353264.0
0.8,2.1,353264.0
0.8,2.15,353072.0
0.8,2.2,352976.0
0.8,2.25,352808.0
0.8,2.3,352424.0
0.8,2.35,352232.0
0.8,2.4,352232.0
0.8,2.45,352136.0
0.8,2.5,352136.0
0.8,2.55,352040.0
0.8,2.6,351944.0
0.8,2.65,351944.0
0.8,2.7,351944.0
0.8,2.75,351944.0
0.8,2.8,351944.0
0.8,2.85,351944.0
0.8,2.9,351944.0
0.8,2.95,351860.0
0.8,3.0,351476.0
0.85,0.0,353648.0
0.85,0.05,353744.0
0.85,0.1,353936.0
0.85,0.15,354104.0
0.85,0.2,354200.0
0.85,0.25,354392.0
0.85,0.3,354488.0
0.85,0.35,354488.0
0.85,0.4,354488.0
0.85,0.45,354488.0
0.85,0.5,354296.0
0.85,0.55,354296.0
0.85,0.6,354392.0
0.85,0.65,354776.0
0.85,0.7,354872.0
0.85,0.75,354680.0
0.85,0.8,354776.0
0.85,0.85,354776.0
0.85,0.9,354776.0
0.85,0.95,354680.0
0.85,1.0,354584.0
0.85,1.05,354584.0
0.85,1.1,354584.0
0.85,1.15,354584.0
0.85,1.2,354584.0
0.85,1.25,354584.0
0.85,1.3,354488.0
0.85,1.35,354488.0
0.85,1.4,354392.0
0.85,1.45,354392.0
0.85,1.5,354296.0
0.85,1.55,354296.0
0.85,1.6,354200.0
0.85,1.65,354200.0
0.85,1.7,354008.0
0.85,1.75,353816.0
0.85,1.8,353720.0
0.85,1.85,353720.0
0.85,1.9,353720.0
0.85,1.95,353528.0
0.85,2.0,353432.0
0.85,2.05,353336.0
0.85,2.1,353264.0
0.85,2.15,353168.0
0.85,2.2,352976.0
0.85,2.25,352976.0
0.85,2.3,352688.0
0.85,2.35,352208.0
0.85,2.4,352136.0
0.85,2.45,352136.0
0.85,2.5,352136.0
0.85,2.55,352040.0
0.85,2.6,352040.0
0.85,2.65,352040.0
0.85,2.7,351944.0
0.85,2.75,351944.0
0.85,2.8,351944.0
0.85,2.85,351944.0
0.85,2.9,351848.0
0.85,2.95,351800.0
0.85,3.0,351800.0
0.9,0.0,353648.0
0.9,0.05,353744.0
0.9,0.1,354032.0
0.9,0.15,354200.0
0.9,0.2,354200.0
0.9,0.25,354392.0
0.9,0.3,354488.0
0.9,0.35,354488.0
0.9,0.4,354488.0
0.9,0.45,354488.0
0.9,0.5,354296.0
0.9,0.55,354392.0
0.9,0.6,354584.0
0.9,0.65,354776.0
0.9,0.7,354872.0
0.9,0.75,354680.0
0.9,0.8,354776.0
0.9,0.85,354776.0
0.9,0.9,354776.0
0.9,0.95,354776.0
0.9,1.0,354680.0
0.9,1.05,354584.0
0.9,1.1,354584.0
0.9,1.15,354584.0
0.9,1.2,354584.0
0.9,1.25,354584.0
0.9,1.3,354488.0
0.9,1.35,354488.0
0.9,1.4,354392.0
0.9,1.45,354392.0
0.9,1.5,354296.0
0.9,1.55,354296.0
0.9,1.6,354200.0
0.9,1.65,354200.0
0.9,1.7,354200.0
0.9,1.75,354104.0
0.9,1.8,353912.0
0.9,1.85,353816.0
0.9,1.9,353816.0
0.9,1.95,353816.0
0.9,2.0,353720.0
0.9,2.05,353528.0
0.9,2.1,353432.0
0.9,2.15,353336.0
0.9,2.2,353240.0
0.9,2.25,353048.0
0.9,2.3,352856.0
0.9,2.35,352568.0
0.9,2.4,352280.0
0.9,2.45,352208.0
0.9,2.5,352208.0
0.9,2.55,352040.0
0.9,2.6,352040.0
0.9,2.65,352040.0
0.9,2.7,352040.0
0.9,2.75,352040.0
0.9,2.8,351848.0
0.9,2.85,351848.0
0.9,2.9,351848.0
0.9,2.95,351800.0
0.9,3.0,351800.0
0.95,0.0,353840.0
0.95,0.05,353936.0
0.95,0.1,354128.0
0.95,0.15,354296.0
0.95,0.2,354296.0
0.95,0.25,354488.0
0.95,0.3,354584.0
0.95,0.35,354584.0
0.95,0.4,354584.0
0.95,0.45,354776.0
0.95,0.5,354584.0
0.95,0.55,354584.0
0.95,0.6,354776.0
0.95,0.65,354968.0
0.95,0.7,354968.0
0.95,0.75,354776.0
0.95,0.8,354776.0
0.95,0.85,354776.0
0.95,0.9,354776.0
0.95,0.95,354776.0
0.95,1.0,354872.0
0.95,1.05,354776.0
0.95,1.1,354680.0
0.95,1.15,354680.0
0.95,1.2,354680.0
0.95,1.25,354680.0
0.95,1.3,354584.0
0.95,1.35,354584.0
0.95,1.4,354488.0
0.95,1.45,354488.0
0.95,1.5,354392.0
0.95,1.55,354392.0
0.95,1.6,354296.0
0.95,1.65,354296.0
0.95,1.7,354296.0
0.95,1.75,354200.0
0.95,1.8,354200.0
0.95,1.85,354200.0
0.95,1.9,353912.0
0.95,1.95,353912.0
0.95,2.0,353912.0
0.95,2.05,353720.0
0.95,2.1,353624.0
0.95,2.15,353432.0
0.95,2.2,353336.0
0.95,2.25,353240.0
0.95,2.3,352952.0
0.95,2.35,352760.0
0.95,2.4,352664.0
0.95,2.45,352472.0
0.95,2.5,352472.0
0.95,2.55,352376.0
0.95,2.6,352376.0
0.95,2.65,352376.0
0.95,2.7,352208.0
0.95,2.75,352208.0
0.95,2.8,352136.0
0.95,2.85,352136.0
0.95,2.9,352040.0
0.95,2.95,351992.0
0.95,3.0,351896.0
1.0,0.0,353840.0
1.0,0.05,353936.0
1.0,0.1,354128.0
1.0,0.15,354296.0
1.0,0.2,354296.0
1.0,0.25,354488.0
1.0,0.3,354680.0
1.0,0.35,354776.0
1.0,0.4,354776.0
1.0,0.45,354776.0
1.0,0.5,354584.0
1.0,0.55,354680.0
1.0,0.6,354776.0
1.0,0.65,354968.0
1.0,0.7,354968.0
1.0,0.75,354776.0
1.0,0.8,354776.0
1.0,0.85,354776.0
1.0,0.9,354776.0
1.0,0.95,354776.0
1.0,1.0,354776.0
1.0,1.05,354776.0
1.0,1.1,354680.0
1.0,1.15,354680.0
1.0,1.2,354680.0
1.0,1.25,354680.0
1.0,1.3,354584.0
1.0,1.35,354584.0
1.0,1.4,354488.0
1.0,1.45,354488.0
1.0,1.5,354392.0
1.0,1.55,354392.0
1.0,1.6,354296.0
1.0,1.65,354296.0
1.0,1.7,354296.0
1.0,1.75,354200.0
1.0,1.8,354200.0
1.0,1.85,354200.0
1.0,1.9,354200.0
1.0,1.95,354200.0
1.0,2.0,353912.0
1.0,2.05,353816.0
1.0,2.1,353624.0
1.0,2.15,353432.0
1.0,2.2,353336.0
1.0,2.25,353336.0
1.0,2.3,353144.0
1.0,2.35,352856.0
1.0,2.4,352760.0
1.0,2.45,352664.0
1.0,2.5,352472.0
1.0,2.55,352376.0
1.0,2.6,352280.0
1.0,2.65,352280.0
1.0,2.7,352280.0
1.0,2.75,352280.0
1.0,2.8,352208.0
1.0,2.85,352208.0
1.0,2.9,352208.0
1.0,2.95,352160.0
1.0,3.0,352064.0
1.05,0.0,353936.0
1.05,0.05,354032.0
1.05,0.1,354224.0
1.05,0.15,354488.0
1.05,0.2,354488.0
1.05,0.25,354680.0
1.05,0.3,354872.0
1.05,0.35,354872.0
1.05,0.4,354872.0
1.05,0.45,354968.0
1.05,0.5,354776.0
1.05,0.55,354776.0
1.05,0.6,354872.0
1.05,0.65,355064.0
1.05,0.7,355064.0
1.05,0.75,354872.0
1.05,0.8,354872.0
1.05,0.85,354872.0
1.05,0.9,354872.0
1.05,0.95,354872.0
1.05,1.0,354872.0
1.05,1.05,354872.0
1.05,1.1,354872.0
1.05,1.15,354776.0
1.05,1.2,354680.0
1.05,1.25,354680.0
1.05,1.3,354584.0
1.05,1.35,354680.0
1.05,1.4,354584.0
1.05,1.45,354584.0
1.05,1.5,354488.0
1.05,1.55,354488.0
1.05,1.6,354392.0
1.05,1.65,354392.0
1.05,1.7,354392.0
1.05,1.75,354296.0
1.05,1.8,354296.0
1.05,1.85,354296.0
1.05,1.9,354296.0
1.05,1.95,354296.0
1.05,2.0,354008.0
1.05,2.05,353912.0
1.05,2.1,353816.0
1.05,2.15,353624.0
1.05,2.2,353432.0
1.05,2.25,353432.0
1.05,2.3,353240.0
1.05,2.35,353048.0
1.05,2.4,352952.0
1.05,2.45,352952.0
1.05,2.5,352760.0
1.05,2.55,352376.0
1.05,2.6,352376.0
1.05,2.65,352376.0
1.05,2.7,352376.0
1.05,2.75,352376.0
1.05,2.8,352376.0
1.05,2.85,352376.0
1.05,2.9,352376.0
1.05,2.95,352256.0
1.05,3.0,352256.0
1.1,0.0,354032.0
1.1,0.05,354128.0
1.1,0.1,354320.0
1.1,0.15,354488.0
1.1,0.2,354584.0
1.1,0.25,354776.0
1.1,0.3,354872.0
1.1,0.35,354872.0
1.1,0.4,354872.0
1.1,0.45,354872.0
1.1,0.5,354680.0
1.1,0.55,354680.0
1.1,0.6,354872.0
1.1,0.65,355064.0
1.1,0.7,355064.0
1.1,0.75,354872.0
1.1,0.8,354872.0
1.1,0.85,354872.0
1.1,0.9,354872.0
1.1,0.95,354872.0
1.1,1.0,354872.0
1.1,1.05,354872.0
1.1,1.1,354872.0
1.1,1.15,354872.0
1.1,1.2,354776.0
1.1,1.25,354680.0
1.1,1.3,354584.0
1.1,1.35,354584.0
1.1,1.4,354488.0
1.1,1.45,354488.0
1.1,1.5,354488.0
1.1,1.55,354488.0
1.1,1.6,354392.0
1.1,1.65,354392.0
1.1,1.7,354392.0
1.1,1.75,354296.0
1.1,1.8,354296.0
1.1,1.85,354296.0
1.1,1.9,354200.0
1.1,1.95,354200.0
1.1,2.0,354008.0
1.1,2.05,353912.0
1.1,2.1,353912.0
1.1,2.15,353720.0
1.1,2.2,353528.0
1.1,2.25,353432.0
1.1,2.3,353240.0
1.1,2.35,353048.0
1.1,2.4,352952.0
1.1,2.45,352856.0
1.1,2.5,352856.0
1.1,2.55,352664.0
1.1,2.6,352472.0
1.1,2.65,352472.0
1.1,2.7,352376.0
1.1,2.75,352376.0
1.1,2.8,352376.0
1.1,2.85,352376.0
1.1,2.9,352376.0
1.1,2.95,352328.0
1.1,3.0,352328.0
1.15,0.0,353936.0
1.15,0.05,354032.0
1.15,0.1,354320.0
1.15,0.15,354488.0
1.15,0.2,354488.0
1.15,0.25,354776.0
1.15,0.3,354872.0
1.15,0.35,354872.0
1.15,0.4,354872.0
1.15,0.45,354872.0
1.15,0.5,354680.0
1.15,0.55,354680.0
1.15,0.6,354872.0
1.15,0.65,355064.0
1.15,0.7,355064.0
1.15,0.75,354872.0
1.15,0.8,354872.0
1.15,0.85,354872.0
1.15,0.9,354872.0
1.15,0.95,354872.0
1.15,1.0,354872.0
1.15,1.05,354872.0
1.15,1.1,354872.0
1.15,1.15,354872.0
1.15,1.2,354872.0
1.15,1.25,354776.0
1.15,1.3,354584.0
1.15,1.35,354584.0
1.15,1.4,354488.0
1.15,1.45,354488.0
1.15,1.5,354392.0
1.15,1.55,354392.0
1.15,1.6,354296.0
1.15,1.65,354296.0
1.15,1.7,354392.0
1.15,1.75,354296.0
1.15,1.8,354200.0
1.15,1.85,354200.0
1.15,1.9,354200.0
1.15,1.95,354200.0
1.15,2.0,354008.0
1.15,2.05,353912.0
1.15,2.1,353912.0
1.15,2.15,353816.0
1.15,2.2,353720.0
1.15,2.25,353528.0
1.15,2.3,353144.0
1.15,2.35,352952.0
1.15,2.4,352952.0
1.15,2.45,352952.0
1.15,2.5,352856.0
1.15,2.55,352760.0
1.15,2.6,352664.0
1.15,2.65,352472.0
1.15,2.7,352472.0
1.15,2.75,352472.0
1.15,2.8,352472.0
1.15,2.85,352376.0
1.15,2.9,352376.0
1.15,2.95,352328.0
1.15,3.0,352328.0
1.2,0.0,353936.0
1.2,0.05,354032.0
1.2,0.1,354224.0
1.2,0.15,354488.0
1.2,0.2,354488.0
1.2,0.25,354680.0
1.2,0.3,354776.0
1.2,0.35,354776.0
1.2,0.4,354776.0
1.2,0.45,354776.0
1.2,0.5,354584.0
1.2,0.55,354584.0
1.2,0.6,354776.0
1.2,0.65,354968.0
1.2,0.7,354968.0
1.2,0.75,354776.0
1.2,0.8,354776.0
1.2,0.85,354776.0
1.2,0.9,354776.0
1.2,0.95,354776.0
1.2,1.0,354776.0
1.2,1.05,354776.0
1.2,1.1,354776.0
1.2,1.15,354776.0
1.2,1.2,354776.0
1.2,1.25,354776.0
1.2,1.3,354584.0
1.2,1.35,354488.0
1.2,1.4,354392.0
1.2,1.45,354392.0
1.2,1.5,354296.0
1.2,1.55,354296.0
1.2,1.6,354200.0
1.2,1.65,354200.0
1.2,1.7,354104.0
1.2,1.75,354008.0
1.2,1.8,354008.0
1.2,1.85,354104.0
1.2,1.9,354104.0
1.2,1.95,354104.0
1.2,2.0,353912.0
1.2,2.05,353816.0
1.2,2.1,353816.0
1.2,2.15,353720.0
1.2,2.2,353528.0
1.2,2.25,353528.0
1.2,2.3,353144.0
1.2,2.35,352856.0
1.2,2.4,352856.0
1.2,2.45,352856.0
1.2,2.5,352856.0
1.2,2.55,352664.0
1.2,2.6,352664.0
1.2,2.65,352568.0
1.2,2.7,352376.0
1.2,2.75,352376.0
1.2,2.8,352376.0
1.2,2.85,352376.0
1.2,2.9,352376.0
1.2,2.95,352328.0
1.2,3.0,352232.0
1.25,0.0,353816.0
1.25,0.05,353912.0
1.25,0.1,354200.0
1.25,0.15,354368.0
1.25,0.2,354368.0
1.25,0.25,354560.0
1.25,0.3,354656.0
1.25,0.35,354656.0
1.25,0.4,354656.0
1.25,0.45,354656.0
1.25,0.5,354464.0
1.25,0.55,354464.0
1.25,0.6,354656.0
1.25,0.65,354848.0
1.25,0.7,354848.0
1.25,0.75,354656.0
1.25,0.8,354656.0
1.25,0.85,354656.0
1.25,0.9,354656.0
1.25,0.95,354656.0
1.25,1.0,354656.0
1.25,1.05,354656.0
1.25,1.1,354656.0
1.25,1.15,354656.0
1.25,1.2,354656.0
1.25,1.25,354656.0
1.25,1.3,354560.0
1.25,1.35,354464.0
1.25,1.4,354272.0
1.25,1.45,354272.0
1.25,1.5,354176.0
1.25,1.55,354176.0
1.25,1.6,353984.0
1.25,1.65,353984.0
1.25,1.7,353984.0
1.25,1.75,353888.0
1.25,1.8,353888.0
1.25,1.85,353888.0
1.25,1.9,353888.0
1.25,1.95,353888.0
1.25,2.0,353696.0
1.25,2.05,353696.0
1.25,2.1,353600.0
1.25,2.15,353504.0
1.25,2.2,353408.0
1.25,2.25,353408.0
1.25,2.3,353216.0
1.25,2.35,352928.0
1.25,2.4,352736.0
1.25,2.45,352736.0
1.25,2.5,352736.0
1.25,2.55,352640.0
1.25,2.6,352544.0
1.25,2.65,352544.0
1.25,2.7,352448.0
1.25,2.75,352256.0
1.25,2.8,352256.0
1.25,2.85,352256.0
1.25,2.9,352256.0
1.25,2.95,352208.0
1.25,3.0,352208.0
1.3,0.0,353912.0
1.3,0.05,354008.0
1.3,0.1,354200.0
1.3,0.15,354368.0
1.3,0.2,354368.0
1.3,0.25,354560.0
1.3,0.3,354656.0
1.3,0.35,354656.0
1.3,0.4,354656.0
1.3,0.45,354656.0
1.3,0.5,354464.0
1.3,0.55,354464.0
1.3,0.6,354656.0
1.3,0.65,354848.0
1.3,0.7,354848.0
1.3,0.75,354656.0
1.3,0.8,354656.0
1.3,0.85,354656.0
1.3,0.9,354656.0
1.3,0.95,354656.0
1.3,1.0,354656.0
1.3,1.05,354656.0
1.3,1.1,354656.0
1.3,1.15,354656.0
1.3,1.2,354656.0
1.3,1.25,354656.0
1.3,1.3,354560.0
1.3,1.35,354560.0
1.3,1.4,354368.0
1.3,1.45,354272.0
1.3,1.5,354176.0
1.3,1.55,354080.0
1.3,1.6,353984.0
1.3,1.65,353984.0
1.3,1.7,353984.0
1.3,1.75,353888.0
1.3,1.8,353888.0
1.3,1.85,353888.0
1.3,1.9,353888.0
1.3,1.95,353888.0
1.3,2.0,353600.0
1.3,2.05,353504.0
1.3,2.1,353504.0
1.3,2.15,353408.0
1.3,2.2,353312.0
1.3,2.25,353408.0
1.3,2.3,353216.0
1.3,2.35,353024.0
1.3,2.4,352928.0
1.3,2.45,352832.0
1.3,2.5,352736.0
1.3,2.55,352640.0
1.3,2.6,352640.0
1.3,2.65,352544.0
1.3,2.7,352544.0
1.3,2.75,352448.0
1.3,2.8,352256.0
1.3,2.85,352256.0
1.3,2.9,352256.0
1.3,2.95,352208.0
1.3,3.0,352208.0
1.35,0.0,353816.0
1.35,0.05,353912.0
1.35,0.1,354104.0
1.35,0.15,354272.0
1.35,0.2,354272.0
1.35,0.25,354464.0
1.35,0.3,354560.0
1.35,0.35,354560.0
1.35,0.4,354560.0
1.35,0.45,354560.0
1.35,0.5,354368.0
1.35,0.55,354368.0
1.35,0.6,354560.0
1.35,0.65,354752.0
1.35,0.7,354752.0
1.35,0.75,354560.0
1.35,0.8,354560.0
1.35,0.85,354560.0
1.35,0.9,354560.0
1.35,0.95,354560.0
1.35,1.0,354560.0
1.35,1.05,354560.0
1.35,1.1,354560.0
1.35,1.15,354560.0
1.35,1.2,354560.0
1.35,1.25,354560.0
1.35,1.3,354464.0
1.35,1.35,354464.0
1.35,1.4,354368.0
1.35,1.45,354176.0
1.35,1.5,353984.0
1.35,1.55,353984.0
1.35,1.6,353888.0
1.35,1.65,353888.0
1.35,1.7,353888.0
1.35,1.75,353792.0
1.35,1.8,353792.0
1.35,1.85,353792.0
1.35,1.9,353696.0
1.35,1.95,353696.0
1.35,2.0,353504.0
1.35,2.05,353408.0
1.35,2.1,353408.0
1.35,2.15,353312.0
1.35,2.2,353216.0
1.35,2.25,353216.0
1.35,2.3,353024.0
1.35,2.35,352832.0
1.35,2.4,352832.0
1.35,2.45,352736.0
1.35,2.5,352640.0
1.35,2.55,352448.0
1.35,2.6,352544.0
1.35,2.65,352544.0
1.35,2.7,352448.0
1.35,2.75,352448.0
1.35,2.8,352352.0
1.35,2.85,352160.0
1.35,2.9,352160.0
1.35,2.95,352112.0
1.35,3.0,352112.0
1.4,0.0,353720.0
1.4,0.05,353816.0
1.4,0.1,354008.0
1.4,0.15,354176.0
1.4,0.2,354176.0
1.4,0.25,354368.0
1.4,0.3,354464.0
1.4,0.35,354464.0
1.4,0.4,354464.0
1.4,0.45,354464.0
1.4,0.5,354272.0
1.4,0.55,354272.0
1.4,0.6,354464.0
1.4,0.65,354560.0
1.4,0.7,354560.0
1.4,0.75,354464.0
1.4,0.8,354464.0
1.4,0.85,354464.0
1.4,0.9,354464.0
1.4,0.95,354464.0
1.4,1.0,354464.0
1.4,1.05,354464.0
1.4,1.1,354464.0
1.4,1.15,354464.0
1.4,1.2,354464.0
1.4,1.25,354464.0
1.4,1.3,354368.0
1.4,1.35,354272.0
1.4,1.4,354176.0
1.4,1.45,354176.0
1.4,1.5,353984.0
1.4,1.55,353888.0
1.4,1.6,353792.0
1.4,1.65,353792.0
1.4,1.7,353792.0
1.4,1.75,353696.0
1.4,1.8,353600.0
1.4,1.85,353600.0
1.4,1.9,353600.0
1.4,1.95,353600.0
1.4,2.0,353408.0
1.4,2.05,353312.0
1.4,2.1,353312.0
1.4,2.15,353216.0
1.4,2.2,353120.0
1.4,2.25,353120.0
1.4,2.3,352928.0
1.4,2.35,352736.0
1.4,2.4,352736.0
1.4,2.45,352736.0
1.4,2.5,352640.0
1.4,2.55,352448.0
1.4,2.6,352448.0
1.4,2.65,352352.0
1.4,2.7,352352.0
1.4,2.75,352256.0
1.4,2.8,352256.0
1.4,2.85,352160.0
1.4,2.9,351968.0
1.4,2.95,352016.0
1.4,3.0,352016.0
1.45,0.0,353720.0
1.45,0.05,353816.0
1.45,0.1,354008.0
1.45,0.15,354176.0
1.45,0.2,354176.0
1.45,0.25,354368.0
1.45,0.3,354464.0
1.45,0.35,354464.0
1.45,0.4,354464.0
1.45,0.45,354464.0
1.45,0.5,354272.0
1.45,0.55,354272.0
1.45,0.6,354464.0
1.45,0.65,354560.0
1.45,0.7,354560.0
1.45,0.75,354368.0
1.45,0.8,354368.0
1.45,0.85,354368.0
1.45,0.9,354464.0
1.45,0.95,354464.0
1.45,1.0,354464.0
1.45,1.05,354464.0
1.45,1.1,354464.0
1.45,1.15,354464.0
1.45,1.2,354464.0
1.45,1.25,354368.0
1.45,1.3,354272.0
1.45,1.35,354272.0
1.45,1.4,354176.0
1.45,1.45,354176.0
1.45,1.5,354080.0
1.45,1.55,353984.0
1.45,1.6,353792.0
1.45,1.65,353792.0
1.45,1.7,353696.0
1.45,1.75,353600.0
1.45,1.8,353600.0
1.45,1.85,353600.0
1.45,1.9,353600.0
1.45,1.95,353600.0
1.45,2.0,353408.0
1.45,2.05,353312.0
1.45,2.1,353312.0
1.45,2.15,353216.0
1.45,2.2,353120.0
1.45,2.25,353120.0
1.45,2.3,352928.0
1.45,2.35,352736.0
1.45,2.4,352736.0
1.45,2.45,352736.0
1.45,2.5,352736.0
1.45,2.55,352544.0
1.45,2.6,352448.0
1.45,2.65,352448.0
1.45,2.7,352352.0
1.45,2.75,352352.0
1.45,2.8,352256.0
1.45,2.85,352256.0
1.45,2.9,352160.0
1.45,2.95,351920.0
1.45,3.0,351920.0
1.5,0.0,353432.0
1.5,0.05,353528.0
1.5,0.1,353912.0
1.5,0.15,354080.0
1.5,0.2,354080.0
1.5,0.25,354272.0
1.5,0.3,354368.0
1.5,0.35,354368.0
1.5,0.4,354368.0
1.5,0.45,354368.0
1.5,0.5,354176.0
1.5,0.55,354176.0
1.5,0.6,354368.0
1.5,0.65,354464.0
1.5,0.7,354464.0
1.5,0.75,354272.0
1.5,0.8,354272.0
1.5,0.85,354272.0
1.5,0.9,354272.0
1.5,0.95,354272.0
1.5,1.0,354272.0
1.5,1.05,354368.0
1.5,1.1,354368.0
1.5,1.15,354272.0
1.5,1.2,354272.0
1.5,1.25,354272.0
1.5,1.3,354176.0
1.5,1.35,354176.0
1.5,1.4,354080.0
1.5,1.45,354080.0
1.5,1.5,353984.0
1.5,1.55,353984.0
1.5,1.6,353696.0
1.5,1.65,353600.0
1.5,1.7,353600.0
1.5,1.75,353504.0
1.5,1.8,353504.0
1.5,1.85,353504.0
1.5,1.9,353504.0
1.5,1.95,353504.0
1.5,2.0,353312.0
1.5,2.05,353216.0
1.5,2.1,353216.0
1.5,2.15,353120.0
1.5,2.2,353024.0
1.5,2.25,353024.0
1.5,2.3,352832.0
1.5,2.35,352640.0
1.5,2.4,352640.0
1.5,2.45,352640.0
1.5,2.5,352640.0
1.5,2.55,352544.0
1.5,2.6,352448.0
1.5,2.65,352352.0
1.5,2.7,352352.0
1.5,2.75,352352.0
1.5,2.8,352256.0
1.5,2.85,352160.0
1.5,2.9,352160.0
1.5,2.95,352016.0
1.5,3.0,351824.0
1.55,0.0,353312.0
1.55,0.05,353408.0
1.55,0.1,353600.0
1.55,0.15,353768.0
1.55,0.2,353768.0
1.55,0.25,353960.0
1.55,0.3,354152.0
1.55,0.35,354152.0
1.55,0.4,354152.0
1.55,0.45,354344.0
1.55,0.5,354152.0
1.55,0.55,354152.0
1.55,0.6,354344.0
1.55,0.65,354440.0
1.55,0.7,354440.0
1.55,0.75,354248.0
1.55,0.8,354248.0
1.55,0.85,354248.0
1.55,0.9,354248.0
1.55,0.95,354248.0
1.55,1.0,354248.0
1.55,1.05,354248.0
1.55,1.1,354248.0
1.55,1.15,354248.0
1.55,1.2,354248.0
1.55,1.25,354248.0
1.55,1.3,354152.0
1.55,1.35,354152.0
1.55,1.4,354056.0
1.55,1.45,354056.0
1.55,1.5,353864.0
1.55,1.55,353864.0
1.55,1.6,353768.0
1.55,1.65,353672.0
1.55,1.7,353576.0
1.55,1.75,353480.0
1.55,1.8,353480.0
1.55,1.85,353480.0
1.55,1.9,353480.0
1.55,1.95,353480.0
1.55,2.0,353288.0
1.55,2.05,353192.0
1.55,2.1,353192.0
1.55,2.15,353096.0
1.55,2.2,353000.0
1.55,2.25,353000.0
1.55,2.3,352808.0
1.55,2.35,352616.0
1.55,2.4,352616.0
1.55,2.45,352616.0
1.55,2.5,352616.0
1.55,2.55,352520.0
1.55,2.6,352520.0
1.55,2.65,352424.0
1.55,2.7,352328.0
1.55,2.75,352328.0
1.55,2.8,352328.0
1.55,2.85,352328.0
1.55,2.9,352136.0
1.55,2.95,352088.0
1.55,3.0,351800.0
1.6,0.0,353312.0
1.6,0.05,353408.0
1.6,0.1,353600.0
1.6,0.15,353768.0
1.6,0.2,353768.0
1.6,0.25,353960.0
1.6,0.3,354056.0
1.6,0.35,354056.0
1.6,0.4,354056.0
1.6,0.45,354056.0
1.6,0.5,353864.0
1.6,0.55,353864.0
1.6,0.6,353960.0
1.6,0.65,354152.0
1.6,0.7,354248.0
1.6,0.75,354152.0
1.6,0.8,354248.0
1.6,0.85,354248.0
1.6,0.9,354248.0
1.6,0.95,354248.0
1.6,1.0,354248.0
1.6,1.05,354248.0
1.6,1.1,354248.0
1.6,1.15,354248.0
1.6,1.2,354248.0
1.6,1.25,354248.0
1.6,1.3,354152.0
1.6,1.35,354152.0
1.6,1.4,353960.0
1.6,1.45,353960.0
1.6,1.5,353864.0
1.6,1.55,353864.0
1.6,1.6,353768.0
1.6,1.65,353768.0
1.6,1.7,353672.0
1.6,1.75,353480.0
1.6,1.8,353480.0
1.6,1.85,353480.0
1.6,1.9,353480.0
1.6,1.95,353480.0
1.6,2.0,353288.0
1.6,2.05,353192.0
1.6,2.1,353192.0
1.6,2.15,353096.0
1.6,2.2,353000.0
1.6,2.25,353000.0
1.6,2.3,352808.0
1.6,2.35,352616.0
1.6,2.4,352616.0
1.6,2.45,352616.0
1.6,2.5,352616.0
1.6,2.55,352520.0
1.6,2.6,352520.0
1.6,2.65,352520.0
1.6,2.7,352424.0
1.6,2.75,352328.0
1.6,2.8,352328.0
1.6,2.85,352328.0
1.6,2.9,352328.0
1.6,2.95,352088.0
1.6,3.0,351800.0
1.65,0.0,353312.0
1.65,0.05,353408.0
1.65,0.1,353600.0
1.65,0.15,353768.0
1.65,0.2,353768.0
1.65,0.25,353960.0
1.65,0.3,354056.0
1.65,0.35,354056.0
1.65,0.4,354056.0
1.65,0.45,354056.0
1.65,0.5,353864.0
1.65,0.55,353864.0
1.65,0.6,353960.0
1.65,0.65,354056.0
1.65,0.7,354056.0
1.65,0.75,353864.0
1.65,0.8,353864.0
1.65,0.85,353960.0
1.65,0.9,353960.0
1.65,0.95,354056.0
1.65,1.0,354056.0
1.65,1.05,354056.0
1.65,1.1,354248.0
1.65,1.15,354248.0
1.65,1.2,354248.0
1.65,1.25,354248.0
1.65,1.3,354056.0
1.65,1.35,354056.0
1.65,1.4,353960.0
1.65,1.45,353960.0
1.65,1.5,353864.0
1.65,1.55,353864.0
1.65,1.6,353768.0
1.65,1.65,353768.0
1.65,1.7,353768.0
1.65,1.75,353576.0
1.65,1.8,353480.0
1.65,1.85,353480.0
1.65,1.9,353480.0
1.65,1.95,353480.0
1.65,2.0,353288.0
1.65,2.05,353192.0
1.65,2.1,353192.0
1.65,2.15,353096.0
1.65,2.2,353000.0
1.65,2.25,353000.0
1.65,2.3,352808.0
1.65,2.35,352616.0
1.65,2.4,352616.0
1.65,2.45,352616.0
1.65,2.5,352616.0
1.65,2.55,352520.0
1.65,2.6,352520.0
1.65,2.65,352520.0
1.65,2.7,352520.0
1.65,2.75,352424.0
1.65,2.8,352328.0
1.65,2.85,352328.0
1.65,2.9,352328.0
1.65,2.95,352184.0
1.65,3.0,351896.0
1.7,0.0,353216.0
1.7,0.05,353312.0
1.7,0.1,353504.0
1.7,0.15,353672.0
1.7,0.2,353768.0
1.7,0.25,353960.0
1.7,0.3,354056.0
1.7,0.35,354056.0
1.7,0.4,354056.0
1.7,0.45,354056.0
1.7,0.5,353864.0
1.7,0.55,353864.0
1.7,0.6,353960.0
1.7,0.65,354056.0
1.7,0.7,354056.0
1.7,0.75,353864.0
1.7,0.8,353864.0
1.7,0.85,353864.0
1.7,0.9,353864.0
1.7,0.95,353864.0
1.7,1.0,353960.0
1.7,1.05,353960.0
1.7,1.1,353960.0
1.7,1.15,353960.0
1.7,1.2,353864.0
1.7,1.25,353864.0
1.7,1.3,353864.0
1.7,1.35,353864.0
1.7,1.4,353864.0
1.7,1.45,353960.0
1.7,1.5,353864.0
1.7,1.55,353864.0
1.7,1.6,353768.0
1.7,1.65,353768.0
1.7,1.7,353768.0
1.7,1.75,353672.0
1.7,1.8,353576.0
1.7,1.85,353480.0
1.7,1.9,353480.0
1.7,1.95,353480.0
1.7,2.0,353288.0
1.7,2.05,353192.0
1.7,2.1,353192.0
1.7,2.15,353096.0
1.7,2.2,353000.0
1.7,2.25,353000.0
1.7,2.3,352808.0
1.7,2.35,352616.0
1.7,2.4,352616.0
1.7,2.45,352616.0
1.7,2.5,352616.0
1.7,2.55,352520.0
1.7,2.6,352520.0
1.7,2.65,352520.0
1.7,2.7,352520.0
1.7,2.75,352520.0
1.7,2.8,352424.0
1.7,2.85,352328.0
1.7,2.9,352328.0
1.7,2.95,352184.0
1.7,3.0,351896.0
1.75,0.0,353216.0
1.75,0.05,353312.0
1.75,0.1,353504.0
1.75,0.15,353672.0
1.75,0.2,353672.0
1.75,0.25,353864.0
1.75,0.3,353960.0
1.75,0.35,353960.0
1.75,0.4,353960.0
1.75,0.45,353960.0
1.75,0.5,353864.0
1.75,0.55,353864.0
1.75,0.6,353960.0
1.75,0.65,354056.0
1.75,0.7,354056.0
1.75,0.75,353864.0
1.75,0.8,353864.0
1.75,0.85,353864.0
1.75,0.9,353864.0
1.75,0.95,353864.0
1.75,1.0,353864.0
1.75,1.05,353864.0
1.75,1.1,353864.0
1.75,1.15,353864.0
1.75,1.2,353864.0
1.75,1.25,353768.0
1.75,1.3,353768.0
1.75,1.35,353768.0
1.75,1.4,353672.0
1.75,1.45,353672.0
1.75,1.5,353576.0
1.75,1.55,353576.0
1.75,1.6,353576.0
1.75,1.65,353576.0
1.75,1.7,353576.0
1.75,1.75,353672.0
1.75,1.8,353672.0
1.75,1.85,353576.0
1.75,1.9,353480.0
1.75,1.95,353480.0
1.75,2.0,353288.0
1.75,2.05,353192.0
1.75,2.1,353192.0
1.75,2.15,353096.0
1.75,2.2,353000.0
1.75,2.25,353000.0
1.75,2.3,352808.0
1.75,2.35,352616.0
1.75,2.4,352616.0
1.75,2.45,352616.0
1.75,2.5,352616.0
1.75,2.55,352520.0
1.75,2.6,352520.0
1.75,2.65,352520.0
1.75,2.7,352520.0
1.75,2.75,352520.0
1.75,2.8,352520.0
1.75,2.85,352424.0
1.75,2.9,352328.0
1.75,2.95,352184.0
1.75,3.0,351896.0
1.8,0.0,353216.0
1.8,0.05,353312.0
1.8,0.1,353504.0
1.8,0.15,353672.0
1.8,0.2,353672.0
1.8,0.25,353864.0
1.8,0.3,353960.0
1.8,0.35,353960.0
1.8,0.4,353960.0
1.8,0.45,353960.0
1.8,0.5,353768.0
1.8,0.55,353768.0
1.8,0.6,353864.0
1.8,0.65,353960.0
1.8,0.7,353960.0
1.8,0.75,353768.0
1.8,0.8,353768.0
1.8,0.85,353864.0
1.8,0.9,353864.0
1.8,0.95,353864.0
1.8,1.0,353864.0
1.8,1.05,353864.0
1.8,1.1,353864.0
1.8,1.15,353864.0
1.8,1.2,353864.0
1.8,1.25,353768.0
1.8,1.3,353672.0
1.8,1.35,353672.0
1.8,1.4,353576.0
1.8,1.45,353672.0
1.8,1.5,353576.0
1.8,1.55,353576.0
1.8,1.6,353480.0
1.8,1.65,353480.0
1.8,1.7,353480.0
1.8,1.75,353384.0
1.8,1.8,353384.0
1.8,1.85,353384.0
1.8,1.9,353288.0
1.8,1.95,353288.0
1.8,2.0,353096.0
1.8,2.05,353000.0
1.8,2.1,353192.0
1.8,2.15,353096.0
1.8,2.2,353000.0
1.8,2.25,353000.0
1.8,2.3,352808.0
1.8,2.35,352616.0
1.8,2.4,352616.0
1.8,2.45,352616.0
1.8,2.5,352616.0
1.8,2.55,352520.0
1.8,2.6,352520.0
1.8,2.65,352520.0
1.8,2.7,352520.0
1.8,2.75,352520.0
1.8,2.8,352520.0
1.8,2.85,352520.0
1.8,2.9,352328.0
1.8,2.95,352184.0
1.8,3.0,351896.0
1.85,0.0,353120.0
1.85,0.05,353216.0
1.85,0.1,353408.0
1.85,0.15,353576.0
1.85,0.2,353576.0
1.85,0.25,353768.0
1.85,0.3,353864.0
1.85,0.35,353864.0
1.85,0.4,353864.0
1.85,0.45,353864.0
1.85,0.5,353672.0
1.85,0.55,353672.0
1.85,0.6,353768.0
1.85,0.65,353864.0
1.85,0.7,353864.0
1.85,0.75,353672.0
1.85,0.8,353672.0
1.85,0.85,353672.0
1.85,0.9,353672.0
1.85,0.95,353672.0
1.85,1.0,353672.0
1.85,1.05,353672.0
1.85,1.1,353672.0
1.85,1.15,353768.0
1.85,1.2,353768.0
1.85,1.25,353672.0
1.85,1.3,353576.0
1.85,1.35,353576.0
1.85,1.4,353480.0
1.85,1.45,353480.0
1.85,1.5,353384.0
1.85,1.55,353480.0
1.85,1.6,353384.0
1.85,1.65,353384.0
1.85,1.7,353384.0
1.85,1.75,353288.0
1.85,1.8,353288.0
1.85,1.85,353288.0
1.85,1.9,353288.0
1.85,1.95,353192.0
1.85,2.0,352904.0
1.85,2.05,352808.0
1.85,2.1,352808.0
1.85,2.15,352712.0
1.85,2.2,352616.0
1.85,2.25,352712.0
1.85,2.3,352520.0
1.85,2.35,352328.0
1.85,2.4,352520.0
1.85,2.45,352520.0
1.85,2.5,352520.0
1.85,2.55,352424.0
1.85,2.6,352424.0
1.85,2.65,352424.0
1.85,2.7,352424.0
1.85,2.75,352424.0
1.85,2.8,352424.0
1.85,2.85,352424.0
1.85,2.9,352328.0
1.85,2.95,352088.0
1.85,3.0,351800.0
1.9,0.0,353120.0
1.9,0.05,353216.0
1.9,0.1,353408.0
1.9,0.15,353576.0
1.9,0.2,353576.0
1.9,0.25,353768.0
1.9,0.3,353864.0
1.9,0.35,353864.0
1.9,0.4,353864.0
1.9,0.45,353864.0
1.9,0.5,353576.0
1.9,0.55,353576.0
1.9,0.6,353672.0
1.9,0.65,353768.0
1.9,0.7,353768.0
1.9,0.75,353576.0
1.9,0.8,353576.0
1.9,0.85,353576.0
1.9,0.9,353576.0
1.9,0.95,353576.0
1.9,1.0,353576.0
1.9,1.05,353576.0
1.9,1.1,353576.0
1.9,1.15,353576.0
1.9,1.2,353576.0
1.9,1.25,353480.0
1.9,1.3,353384.0
1.9,1.35,353384.0
1.9,1.4,353288.0
1.9,1.45,353288.0
1.9,1.5,353288.0
1.9,1.55,353288.0
1.9,1.6,353192.0
1.9,1.65,353288.0
1.9,1.7,353288.0
1.9,1.75,353192.0
1.9,1.8,353192.0
1.9,1.85,353192.0
1.9,1.9,353192.0
1.9,1.95,353192.0
1.9,2.0,352904.0
1.9,2.05,352712.0
1.9,2.1,352712.0
1.9,2.15,352616.0
1.9,2.2,352520.0
1.9,2.25,352520.0
1.9,2.3,352328.0
1.9,2.35,352136.0
1.9,2.4,352136.0
1.9,2.45,352136.0
1.9,2.5,352136.0
1.9,2.55,352040.0
1.9,2.6,352136.0
1.9,2.65,352136.0
1.9,2.7,352136.0
1.9,2.75,352328.0
1.9,2.8,352328.0
1.9,2.85,352328.0
1.9,2.9,352232.0
1.9,2.95,352088.0
1.9,3.0,351704.0
1.95,0.0,353024.0
1.95,0.05,353120.0
1.95,0.1,353312.0
1.95,0.15,353480.0
1.95,0.2,353480.0
1.95,0.25,353672.0
1.95,0.3,353768.0
1.95,0.35,353768.0
1.95,0.4,353768.0
1.95,0.45,353768.0
1.95,0.5,353576.0
1.95,0.55,353576.0
1.95,0.6,353672.0
1.95,0.65,353768.0
1.95,0.7,353768.0
1.95,0.75,353576.0
1.95,0.8,353576.0
1.95,0.85,353576.0
1.95,0.9,353576.0
1.95,0.95,353576.0
1.95,1.0,353576.0
1.95,1.05,353576.0
1.95,1.1,353576.0
1.95,1.15,353576.0
1.95,1.2,353576.0
1.95,1.25,353480.0
1.95,1.3,353384.0
1.95,1.35,353384.0
1.95,1.4,353288.0
1.95,1.45,353288.0
1.95,1.5,353192.0
1.95,1.55,353192.0
1.95,1.6,353096.0
1.95,1.65,353096.0
1.95,1.7,353096.0
1.95,1.75,353000.0
1.95,1.8,353192.0
1.95,1.85,353192.0
1.95,1.9,353192.0
1.95,1.95,353192.0
1.95,2.0,353000.0
1.95,2.05,352808.0
1.95,2.1,352712.0
1.95,2.15,352616.0
1.95,2.2,352520.0
1.95,2.25,352520.0
1.95,2.3,352328.0
1.95,2.35,352136.0
1.95,2.4,352136.0
1.95,2.45,352136.0
1.95,2.5,352136.0
1.95,2.55,352040.0
1.95,2.6,352040.0
1.95,2.65,352040.0
1.95,2.7,352040.0
1.95,2.75,352040.0
1.95,2.8,352040.0
1.95,2.85,352040.0
1.95,2.9,351944.0
1.95,2.95,351800.0
1.95,3.0,351512.0
2.0,0.0,352928.0
2.0,0.05,353024.0
2.0,0.1,353216.0
2.0,0.15,353384.0
2.0,0.2,353384.0
2.0,0.25,353576.0
2.0,0.3,353672.0
2.0,0.35,353672.0
2.0,0.4,353672.0
2.0,0.45,353672.0
2.0,0.5,353480.0
2.0,0.55,353480.0
2.0,0.6,353576.0
2.0,0.65,353672.0
2.0,0.7,353672.0
2.0,0.75,353480.0
2.0,0.8,353480.0
2.0,0.85,353480.0
2.0,0.9,353480.0
2.0,0.95,353480.0
2.0,1.0,353480.0
2.0,1.05,353480.0
2.0,1.1,353480.0
2.0,1.15,353480.0
2.0,1.2,353480.0
2.0,1.25,353384.0
2.0,1.3,353288.0
2.0,1.35,353288.0
2.0,1.4,353192.0
2.0,1.45,353192.0
2.0,1.5,353096.0
2.0,1.55,353096.0
2.0,1.6,353000.0
2.0,1.65,353000.0
2.0,1.7,353000.0
2.0,1.75,352904.0
2.0,1.8,352904.0
2.0,1.85,352904.0
2.0,1.9,353000.0
2.0,1.95,353000.0
2.0,2.0,352808.0
2.0,2.05,352712.0
2.0,2.1,352616.0
2.0,2.15,352520.0
2.0,2.2,352424.0
2.0,2.25,352424.0
2.0,2.3,352232.0
2.0,2.35,352040.0
2.0,2.4,352040.0
2.0,2.45,352040.0
2.0,2.5,352040.0
2.0,2.55,351944.0
2.0,2.6,351944.0
2.0,2.65,351944.0
2.0,2.7,351944.0
2.0,2.75,351944.0
2.0,2.8,351944.0
2.0,2.85,351944.0
2.0,2.9,351848.0
2.0,2.95,351704.0
2.0,3.0,351416.0
2.05,0.0,352928.0
2.05,0.05,353024.0
2.05,0.1,353216.0
2.05,0.15,353384.0
2.05,0.2,353384.0
2.05,0.25,353576.0
2.05,0.3,353672.0
2.05,0.35,353672.0
2.05,0.4,353672.0
2.05,0.45,353672.0
2.05,0.5,353480.0
2.05,0.55,353480.0
2.05,0.6,353576.0
2.05,0.65,353672.0
2.05,0.7,353672.0
2.05,0.75,353480.0
2.05,0.8,353480.0
2.05,0.85,353480.0
2.05,0.9,353480.0
2.05,0.95,353480.0
2.05,1.0,353480.0
2.05,1.05,353480.0
2.05,1.1,353480.0
2.05,1.15,353480.0
2.05,1.2,353480.0
2.05,1.25,353384.0
2.05,1.3,353288.0
2.05,1.35,353288.0
2.05,1.4,353192.0
2.05,1.45,353192.0
2.05,1.5,353096.0
2.05,1.55,353096.0
2.05,1.6,353000.0
2.05,1.65,353000.0
2.05,1.7,353000.0
2.05,1.75,352904.0
2.05,1.8,352904.0
2.05,1.85,352904.0
2.05,1.9,352904.0
2.05,1.95,352904.0
2.05,2.0,352808.0
2.05,2.05,352712.0
2.05,2.1,352712.0
2.05,2.15,352520.0
2.05,2.2,352328.0
2.05,2.25,352328.0
2.05,2.3,352136.0
2.05,2.35,351944.0
2.05,2.4,351944.0
2.05,2.45,352040.0
2.05,2.5,352040.0
2.05,2.55,351944.0
2.05,2.6,351944.0
2.05,2.65,351944.0
2.05,2.7,351944.0
2.05,2.75,351944.0
2.05,2.8,351944.0
2.05,2.85,351944.0
2.05,2.9,351848.0
2.05,2.95,351704.0
2.05,3.0,351416.0
2.1,0.0,352928.0
2.1,0.05,353024.0
2.1,0.1,353216.0
2.1,0.15,353384.0
2.1,0.2,353384.0
2.1,0.25,353576.0
2.1,0.3,353672.0
2.1,0.35,353672.0
2.1,0.4,353672.0
2.1,0.45,353672.0
2.1,0.5,353480.0
2.1,0.55,353480.0
2.1,0.6,353576.0
2.1,0.65,353672.0
2.1,0.7,353672.0
2.1,0.75,353480.0
2.1,0.8,353480.0
2.1,0.85,353480.0
2.1,0.9,353480.0
2.1,0.95,353480.0
2.1,1.0,353480.0
2.1,1.05,353480.0
2.1,1.1,353480.0
2.1,1.15,353480.0
2.1,1.2,353480.0
2.1,1.25,353384.0
2.1,1.3,353288.0
2.1,1.35,353288.0
2.1,1.4,353192.0
2.1,1.45,353192.0
2.1,1.5,353096.0
2.1,1.55,353096.0
2.1,1.6,353000.0
2.1,1.65,353000.0
2.1,1.7,353000.0
2.1,1.75,352904.0
2.1,1.8,352904.0
2.1,1.85,352904.0
2.1,1.9,352904.0
2.1,1.95,352904.0
2.1,2.0,352712.0
2.1,2.05,352616.0
2.1,2.1,352616.0
2.1,2.15,352616.0
2.1,2.2,352424.0
2.1,2.25,352328.0
2.1,2.3,352136.0
2.1,2.35,351944.0
2.1,2.4,351944.0
2.1,2.45,351944.0
2.1,2.5,351944.0
2.1,2.55,351848.0
2.1,2.6,351848.0
2.1,2.65,351848.0
2.1,2.7,351848.0
2.1,2.75,351848.0
2.1,2.8,351944.0
2.1,2.85,351944.0
2.1,2.9,351848.0
2.1,2.95,351704.0
2.1,3.0,351416.0
2.15,0.0,352928.0
2.15,0.05,353024.0
2.15,0.1,353216.0
2.15,0.15,353384.0
2.15,0.2,353384.0
2.15,0.25,353576.0
2.15,0.3,353672.0
2.15,0.35,353672.0
2.15,0.4,353672.0
2.15,0.45,353672.0
2.15,0.5,353480.0
2.15,0.55,353480.0
2.15,0.6,353576.0
2.15,0.65,353672.0
2.15,0.7,353672.0
2.15,0.75,353480.0
2.15,0.8,353480.0
2.15,0.85,353480.0
2.15,0.9,353480.0
2.15,0.95,353480.0
2.15,1.0,353480.0
2.15,1.05,353480.0
2.15,1.1,353480.0
2.15,1.15,353480.0
2.15,1.2,353480.0
2.15,1.25,353384.0
2.15,1.3,353288.0
2.15,1.35,353288.0
2.15,1.4,353192.0
2.15,1.45,353192.0
2.15,1.5,353096.0
2.15,1.55,353096.0
2.15,1.6,353000.0
2.15,1.65,353000.0
2.15,1.7,353000.0
2.15,1.75,352904.0
2.15,1.8,352904.0
2.15,1.85,352904.0
2.15,1.9,352904.0
2.15,1.95,352904.0
2.15,2.0,352712.0
2.15,2.05,352616.0
2.15,2.1,352616.0
2.15,2.15,352520.0
2.15,2.2,352424.0
2.15,2.25,352424.0
2.15,2.3,352136.0
2.15,2.35,351944.0
2.15,2.4,351944.0
2.15,2.45,351944.0
2.15,2.5,351944.0
2.15,2.55,351848.0
2.15,2.6,351848.0
2.15,2.65,351848.0
2.15,2.7,351848.0
2.15,2.75,351848.0
2.15,2.8,351848.0
2.15,2.85,351752.0
2.15,2.9,351656.0
2.15,2.95,351512.0
2.15,3.0,351224.0
2.2,0.0,352736.0
2.2,0.05,352832.0
2.2,0.1,353024.0
2.2,0.15,353288.0
2.2,0.2,353288.0
2.2,0.25,353480.0
2.2,0.3,353576.0
2.2,0.35,353576.0
2.2,0.4,353576.0
2.2,0.45,353576.0
2.2,0.5,353384.0
2.2,0.55,353384.0
2.2,0.6,353480.0
2.2,0.65,353576.0
2.2,0.7,353576.0
2.2,0.75,353384.0
2.2,0.8,353384.0
2.2,0.85,353384.0
2.2,0.9,353384.0
2.2,0.95,353384.0
2.2,1.0,353384.0
2.2,1.05,353384.0
2.2,1.1,353384.0
2.2,1.15,353384.0
2.2,1.2,353384.0
2.2,1.25,353288.0
2.2,1.3,353192.0
2.2,1.35,353192.0
2.2,1.4,353096.0
2.2,1.45,353096.0
2.2,1.5,353000.0
2.2,1.55,353000.0
2.2,1.6,352904.0
2.2,1.65,352904.0
2.2,1.7,352904.0
2.2,1.75,352808.0
2.2,1.8,352808.0
2.2,1.85,352808.0
2.2,1.9,352808.0
2.2,1.95,352808.0
2.2,2.0,352616.0
2.2,2.05,352520.0
2.2,2.1,352520.0
2.2,2.15,352424.0
2.2,2.2,352328.0
2.2,2.25,352328.0
2.2,2.3,352040.0
2.2,2.35,351848.0
2.2,2.4,351848.0
2.2,2.45,351848.0
2.2,2.5,351752.0
2.2,2.55,351656.0
2.2,2.6,351656.0
2.2,2.65,351656.0
2.2,2.7,351656.0
2.2,2.75,351656.0
2.2,2.8,351656.0
2.2,2.85,351656.0
2.2,2.9,351560.0
2.2,2.95,351416.0
2.2,3.0,351128.0
2.25,0.0,352640.0
2.25,0.05,352736.0
2.25,0.1,352928.0
2.25,0.15,353096.0
2.25,0.2,353096.0
2.25,0.25,353288.0
2.25,0.3,353384.0
2.25,0.35,353480.0
2.25,0.4,353480.0
2.25,0.45,353480.0
2.25,0.5,353288.0
2.25,0.55,353288.0
2.25,0.6,353384.0
2.25,0.65,353480.0
2.25,0.7,353480.0
2.25,0.75,353288.0
2.25,0.8,353288.0
2.25,0.85,353288.0
2.25,0.9,353288.0
2.25,0.95,353288.0
2.25,1.0,353288.0
2.25,1.05,353288.0
2.25,1.1,353288.0
2.25,1.15,353288.0
2.25,1.2,353288.0
2.25,1.25,353192.0
2.25,1.3,353096.0
2.25,1.35,353096.0
2.25,1.4,353000.0
2.25,1.45,353000.0
2.25,1.5,352904.0
2.25,1.55,352904.0
2.25,1.6,352808.0
2.25,1.65,352808.0
2.25,1.7,352808.0
2.25,1.75,352712.0
2.25,1.8,352712.0
2.25,1.85,352712.0
2.25,1.9,352712.0
2.25,1.95,352712.0
2.25,2.0,352520.0
2.25,2.05,352424.0
2.25,2.1,352424.0
2.25,2.15,352328.0
2.25,2.2,352232.0
2.25,2.25,352232.0
2.25,2.3,352040.0
2.25,2.35,351752.0
2.25,2.4,351656.0
2.25,2.45,351656.0
2.25,2.5,351752.0
2.25,2.55,351656.0
2.25,2.6,351656.0
2.25,2.65,351656.0
2.25,2.7,351656.0
2.25,2.75,351656.0
2.25,2.8,351656.0
2.25,2.85,351656.0
2.25,2.9,351560.0
2.25,2.95,351416.0
2.25,3.0,351128.0
2.3,0.0,352640.0
2.3,0.05,352736.0
2.3,0.1,352928.0
2.3,0.15,353096.0
2.3,0.2,353096.0
2.3,0.25,353288.0
2.3,0.3,353384.0
2.3,0.35,353384.0
2.3,0.4,353384.0
2.3,0.45,353384.0
2.3,0.5,353192.0
2.3,0.55,353288.0
2.3,0.6,353384.0
2.3,0.65,353480.0
2.3,0.7,353480.0
2.3,0.75,353288.0
2.3,0.8,353288.0
2.3,0.85,353288.0
2.3,0.9,353288.0
2.3,0.95,353288.0
2.3,1.0,353288.0
2.3,1.05,353288.0
2.3,1.1,353288.0
2.3,1.15,353288.0
2.3,1.2,353288.0
2.3,1.25,353192.0
2.3,1.3,353096.0
2.3,1.35,353096.0
2.3,1.4,353000.0
2.3,1.45,353000.0
2.3,1.5,352904.0
2.3,1.55,352904.0
2.3,1.6,352808.0
2.3,1.65,352808.0
2.3,1.7,352808.0
2.3,1.75,352712.0
2.3,1.8,352712.0
2.3,1.85,352712.0
2.3,1.9,352712.0
2.3,1.95,352712.0
2.3,2.0,352520.0
2.3,2.05,352424.0
2.3,2.1,352424.0
2.3,2.15,352328.0
2.3,2.2,352232.0
2.3,2.25,352232.0
2.3,2.3,352040.0
2.3,2.35,351848.0
2.3,2.4,351752.0
2.3,2.45,351656.0
2.3,2.5,351656.0
2.3,2.55,351560.0
2.3,2.6,351656.0
2.3,2.65,351656.0
2.3,2.7,351656.0
2.3,2.75,351656.0
2.3,2.8,351656.0
2.3,2.85,351656.0
2.3,2.9,351560.0
2.3,2.95,351416.0
2.3,3.0,351128.0
2.35,0.0,352544.0
2.35,0.05,352640.0
2.35,0.1,352832.0
2.35,0.15,353000.0
2.35,0.2,353000.0
2.35,0.25,353192.0
2.35,0.3,353288.0
2.35,0.35,353288.0
2.35,0.4,353288.0
2.35,0.45,353288.0
2.35,0.5,353096.0
2.35,0.55,353096.0
2.35,0.6,353192.0
2.35,0.65,353288.0
2.35,0.7,353288.0
2.35,0.75,353192.0
2.35,0.8,353192.0
2.35,0.85,353192.0
2.35,0.9,353192.0
2.35,0.95,353192.0
2.35,1.0,353192.0
2.35,1.05,353192.0
2.35,1.1,353192.0
2.35,1.15,353192.0
2.35,1.2,353192.0
2.35,1.25,353096.0
2.35,1.3,353000.0
2.35,1.35,353000.0
2.35,1.4,352904.0
2.35,1.45,352904.0
2.35,1.5,352808.0
2.35,1.55,352808.0
2.35,1.6,352712.0
2.35,1.65,352712.0
2.35,1.7,352712.0
2.35,1.75,352616.0
2.35,1.8,352616.0
2.35,1.85,352616.0
2.35,1.9,352616.0
2.35,1.95,352616.0
2.35,2.0,352424.0
2.35,2.05,352328.0
2.35,2.1,352328.0
2.35,2.15,352232.0
2.35,2.2,352136.0
2.35,2.25,352136.0
2.35,2.3,351944.0
2.35,2.35,351752.0
2.35,2.4,351752.0
2.35,2.45,351656.0
2.35,2.5,351560.0
2.35,2.55,351464.0
2.35,2.6,351464.0
2.35,2.65,351464.0
2.35,2.7,351560.0
2.35,2.75,351560.0
2.35,2.8,351560.0
2.35,2.85,351560.0
2.35,2.9,351464.0
2.35,2.95,351320.0
2.35,3.0,351032.0
2.4,0.0,352496.0
2.4,0.05,352592.0
2.4,0.1,352784.0
2.4,0.15,352952.0
2.4,0.2,352952.0
2.4,0.25,353144.0
2.4,0.3,353240.0
2.4,0.35,353240.0
2.4,0.4,353240.0
2.4,0.45,353240.0
2.4,0.5,353048.0
2.4,0.55,353048.0
2.4,0.6,353144.0
2.4,0.65,353240.0
2.4,0.7,353240.0
2.4,0.75,353048.0
2.4,0.8,353048.0
2.4,0.85,353048.0
2.4,0.9,353048.0
2.4,0.95,353144.0
2.4,1.0,353144.0
2.4,1.05,353144.0
2.4,1.1,353144.0
2.4,1.15,353144.0
2.4,1.2,353144.0
2.4,1.25,353048.0
2.4,1.3,352952.0
2.4,1.35,352952.0
2.4,1.4,352856.0
2.4,1.45,352856.0
2.4,1.5,352760.0
2.4,1.55,352760.0
2.4,1.6,352664.0
2.4,1.65,352664.0
2.4,1.7,352664.0
2.4,1.75,352568.0
2.4,1.8,352568.0
2.4,1.85,352568.0
2.4,1.9,352568.0
2.4,1.95,352568.0
2.4,2.0,352376.0
2.4,2.05,352280.0
2.4,2.1,352280.0
2.4,2.15,352184.0
2.4,2.2,352088.0
2.4,2.25,352088.0
2.4,2.3,351896.0
2.4,2.35,351704.0
2.4,2.4,351704.0
2.4,2.45,351704.0
2.4,2.5,351608.0
2.4,2.55,351416.0
2.4,2.6,351416.0
2.4,2.65,351416.0
2.4,2.7,351416.0
2.4,2.75,351416.0
2.4,2.8,351416.0
2.4,2.85,351512.0
2.4,2.9,351416.0
2.4,2.95,351272.0
2.4,3.0,350984.0
2.45,0.0,352496.0
2.45,0.05,352592.0
2.45,0.1,352784.0
2.45,0.15,352952.0
2.45,0.2,352952.0
2.45,0.25,353144.0
2.45,0.3,353240.0
2.45,0.35,353240.0
2.45,0.4,353240.0
2.45,0.45,353240.0
2.45,0.5,353048.0
2.45,0.55,353048.0
2.45,0.6,353144.0
2.45,0.65,353240.0
2.45,0.7,353240.0
2.45,0.75,353048.0
2.45,0.8,353048.0
2.45,0.85,353048.0
2.45,0.9,353048.0
2.45,0.95,353048.0
2.45,1.0,353048.0
2.45,1.05,353048.0
2.45,1.1,353048.0
2.45,1.15,353144.0
2.45,1.2,353144.0
2.45,1.25,353048.0
2.45,1.3,352952.0
2.45,1.35,352952.0
2.45,1.4,352856.0
2.45,1.45,352856.0
2.45,1.5,352760.0
2.45,1.55,352760.0
2.45,1.6,352664.0
2.45,1.65,352664.0
2.45,1.7,352664.0
2.45,1.75,352568.0
2.45,1.8,352568.0
2.45,1.85,352568.0
2.45,1.9,352568.0
2.45,1.95,352568.0
2.45,2.0,352376.0
2.45,2.05,352280.0
2.45,2.1,352280.0
2.45,2.15,352184.0
2.45,2.2,352088.0
2.45,2.25,352088.0
2.45,2.3,351896.0
2.45,2.35,351704.0
2.45,2.4,351704.0
2.45,2.45,351704.0
2.45,2.5,351704.0
2.45,2.55,351512.0
2.45,2.6,351416.0
2.45,2.65,351416.0
2.45,2.7,351416.0
2.45,2.75,351416.0
2.45,2.8,351416.0
2.45,2.85,351416.0
2.45,2.9,351320.0
2.45,2.95,351272.0
2.45,3.0,350984.0
2.5,0.0,352496.0
2.5,0.05,352592.0
2.5,0.1,352784.0
2.5,0.15,352952.0
2.5,0.2,352952.0
2.5,0.25,353144.0
2.5,0.3,353240.0
2.5,0.35,353240.0
2.5,0.4,353240.0
2.5,0.45,353240.0
2.5,0.5,353048.0
2.5,0.55,353048.0
2.5,0.6,353144.0
2.5,0.65,353240.0
2.5,0.7,353240.0
2.5,0.75,353048.0
2.5,0.8,353048.0
2.5,0.85,353048.0
2.5,0.9,353048.0
2.5,0.95,353048.0
2.5,1.0,353048.0
2.5,1.05,353048.0
2.5,1.1,353048.0
2.5,1.15,353048.0
2.5,1.2,353048.0
2.5,1.25,352952.0
2.5,1.3,352856.0
2.5,1.35,352952.0
2.5,1.4,352856.0
2.5,1.45,352856.0
2.5,1.5,352760.0
2.5,1.55,352760.0
2.5,1.6,352664.0
2.5,1.65,352664.0
2.5,1.7,352664.0
2.5,1.75,352568.0
2.5,1.8,352568.0
2.5,1.85,352568.0
2.5,1.9,352568.0
2.5,1.95,352568.0
2.5,2.0,352376.0
2.5,2.05,352280.0
2.5,2.1,352280.0
2.5,2.15,352184.0
2.5,2.2,352088.0
2.5,2.25,352088.0
2.5,2.3,351896.0
2.5,2.35,351704.0
2.5,2.4,351704.0
2.5,2.45,351704.0
2.5,2.5,351704.0
2.5,2.55,351608.0
2.5,2.6,351512.0
2.5,2.65,351416.0
2.5,2.7,351416.0
2.5,2.75,351416.0
2.5,2.8,351416.0
2.5,2.85,351416.0
2.5,2.9,351320.0
2.5,2.95,351176.0
2.5,3.0,350888.0
2.55,0.0,352496.0
2.55,0.05,352592.0
2.55,0.1,352784.0
2.55,0.15,352952.0
2.55,0.2,352952.0
2.55,0.25,353144.0
2.55,0.3,353240.0
2.55,0.35,353240.0
2.55,0.4,353240.0
2.55,0.45,353240.0
2.55,0.5,353048.0
2.55,0.55,353048.0
2.55,0.6,353144.0
2.55,0.65,353240.0
2.55,0.7,353240.0
2.55,0.75,353048.0
2.55,0.8,353048.0
2.55,0.85,353048.0
2.55,0.9,353048.0
2.55,0.95,353048.0
2.55,1.0,353048.0
2.55,1.05,353048.0
2.55,1.1,353048.0
2.55,1.15,353048.0
2.55,1.2,353048.0
2.55,1.25,352952.0
2.55,1.3,352856.0
2.55,1.35,352856.0
2.55,1.4,352760.0
2.55,1.45,352760.0
2.55,1.5,352664.0
2.55,1.55,352760.0
2.55,1.6,352664.0
2.55,1.65,352664.0
2.55,1.7,352664.0
2.55,1.75,352568.0
2.55,1.8,352568.0
2.55,1.85,352568.0
2.55,1.9,352568.0
2.55,1.95,352568.0
2.55,2.0,352376.0
2.55,2.05,352280.0
2.55,2.1,352280.0
2.55,2.15,352184.0
2.55,2.2,352088.0
2.55,2.25,352088.0
2.55,2.3,351896.0
2.55,2.35,351704.0
2.55,2.4,351704.0
2.55,2.45,351704.0
2.55,2.5,351704.0
2.55,2.55,351608.0
2.55,2.6,351608.0
2.55,2.65,351512.0
2.55,2.7,351416.0
2.55,2.75,351416.0
2.55,2.8,351416.0
2.55,2.85,351416.0
2.55,2.9,351320.0
2.55,2.95,351176.0
2.55,3.0,350888.0
2.6,0.0,352400.0
2.6,0.05,352592.0
2.6,0.1,352784.0
2.6,0.15,352952.0
2.6,0.2,352952.0
2.6,0.25,353144.0
2.6,0.3,353240.0
2.6,0.35,353240.0
2.6,0.4,353240.0
2.6,0.45,353240.0
2.6,0.5,353048.0
2.6,0.55,353048.0
2.6,0.6,353144.0
2.6,0.65,353240.0
2.6,0.7,353240.0
2.6,0.75,353048.0
2.6,0.8,353048.0
2.6,0.85,353048.0
2.6,0.9,353048.0
2.6,0.95,353048.0
2.6,1.0,353048.0
2.6,1.05,353048.0
2.6,1.1,353048.0
2.6,1.15,353048.0
2.6,1.2,353048.0
2.6,1.25,352952.0
2.6,1.3,352856.0
2.6,1.35,352856.0
2.6,1.4,352760.0
2.6,1.45,352760.0
2.6,1.5,352664.0
2.6,1.55,352664.0
2.6,1.6,352568.0
2.6,1.65,352568.0
2.6,1.7,352568.0
2.6,1.75,352568.0
2.6,1.8,352568.0
2.6,1.85,352568.0
2.6,1.9,352568.0
2.6,1.95,352568.0
2.6,2.0,352376.0
2.6,2.05,352280.0
2.6,2.1,352280.0
2.6,2.15,352184.0
2.6,2.2,352088.0
2.6,2.25,352088.0
2.6,2.3,351896.0
2.6,2.35,351704.0
2.6,2.4,351704.0
2.6,2.45,351704.0
2.6,2.5,351704.0
2.6,2.55,351608.0
2.6,2.6,351608.0
2.6,2.65,351608.0
2.6,2.7,351512.0
2.6,2.75,351416.0
2.6,2.8,351416.0
2.6,2.85,351416.0
2.6,2.9,351320.0
2.6,2.95,351176.0
2.6,3.0,350888.0
2.65,0.0,352400.0
2.65,0.05,352496.0
2.65,0.1,352688.0
2.65,0.15,352952.0
2.65,0.2,352952.0
2.65,0.25,353144.0
2.65,0.3,353240.0
2.65,0.35,353240.0
2.65,0.4,353240.0
2.65,0.45,353240.0
2.65,0.5,353048.0
2.65,0.55,353048.0
2.65,0.6,353144.0
2.65,0.65,353240.0
2.65,0.7,353240.0
2.65,0.75,353048.0
2.65,0.8,353048.0
2.65,0.85,353048.0
2.65,0.9,353048.0
2.65,0.95,353048.0
2.65,1.0,353048.0
2.65,1.05,353048.0
2.65,1.1,353048.0
2.65,1.15,353048.0
2.65,1.2,353048.0
2.65,1.25,352952.0
2.65,1.3,352856.0
2.65,1.35,352856.0
2.65,1.4,352760.0
2.65,1.45,352760.0
2.65,1.5,352664.0
2.65,1.55,352664.0
2.65,1.6,352568.0
2.65,1.65,352568.0
2.65,1.7,352568.0
2.65,1.75,352472.0
2.65,1.8,352472.0
2.65,1.85,352472.0
2.65,1.9,352472.0
2.65,1.95,352568.0
2.65,2.0,352376.0
2.65,2.05,352280.0
2.65,2.1,352280.0
2.65,2.15,352184.0
2.65,2.2,352088.0
2.65,2.25,352088.0
2.65,2.3,351896.0
2.65,2.35,351704.0
2.65,2.4,351704.0
2.65,2.45,351704.0
2.65,2.5,351704.0
2.65,2.55,351608.0
2.65,2.6,351608.0
2.65,2.65,351608.0
2.65,2.7,351608.0
2.65,2.75,351512.0
2.65,2.8,351416.0
2.65,2.85,351416.0
2.65,2.9,351320.0
2.65,2.95,351176.0
2.65,3.0,350888.0
2.7,0.0,352400.0
2.7,0.05,352496.0
2.7,0.1,352688.0
2.7,0.15,352856.0
2.7,0.2,352952.0
2.7,0.25,353144.0
2.7,0.3,353240.0
2.7,0.35,353240.0
2.7,0.4,353240.0
2.7,0.45,353240.0
2.7,0.5,353048.0
2.7,0.55,353048.0
2.7,0.6,353144.0
2.7,0.65,353240.0
2.7,0.7,353240.0
2.7,0.75,353048.0
2.7,0.8,353048.0
2.7,0.85,353048.0
2.7,0.9,353048.0
2.7,0.95,353048.0
2.7,1.0,353048.0
2.7,1.05,353048.0
2.7,1.1,353048.0
2.7,1.15,353048.0
2.7,1.2,353048.0
2.7,1.25,352952.0
2.7,1.3,352856.0
2.7,1.35,352856.0
2.7,1.4,352760.0
2.7,1.45,352760.0
2.7,1.5,352664.0
2.7,1.55,352664.0
2.7,1.6,352568.0
2.7,1.65,352568.0
2.7,1.7,352568.0
2.7,1.75,352472.0
2.7,1.8,352472.0
2.7,1.85,352472.0
2.7,1.9,352472.0
2.7,1.95,352472.0
2.7,2.0,352280.0
2.7,2.05,352184.0
2.7,2.1,352184.0
2.7,2.15,352184.0
2.7,2.2,352088.0
2.7,2.25,352088.0
2.7,2.3,351896.0
2.7,2.35,351704.0
2.7,2.4,351704.0
2.7,2.45,351704.0
2.7,2.5,351704.0
2.7,2.55,351608.0
2.7,2.6,351608.0
2.7,2.65,351608.0
2.7,2.7,351608.0
2.7,2.75,351512.0
2.7,2.8,351416.0
2.7,2.85,351416.0
2.7,2.9,351320.0
2.7,2.95,351176.0
2.7,3.0,350888.0
2.75,0.0,352400.0
2.75,0.05,352496.0
2.75,0.1,352688.0
2.75,0.15,352856.0
2.75,0.2,352856.0
2.75,0.25,353144.0
2.75,0.3,353240.0
2.75,0.35,353240.0
2.75,0.4,353240.0
2.75,0.45,353240.0
2.75,0.5,353048.0
2.75,0.55,353048.0
2.75,0.6,353144.0
2.75,0.65,353240.0
2.75,0.7,353240.0
2.75,0.75,353048.0
2.75,0.8,353048.0
2.75,0.85,353048.0
2.75,0.9,353048.0
2.75,0.95,353048.0
2.75,1.0,353048.0
2.75,1.05,353048.0
2.75,1.1,353048.0
2.75,1.15,353048.0
2.75,1.2,353048.0
2.75,1.25,352952.0
2.75,1.3,352856.0
2.75,1.35,352856.0
2.75,1.4,352760.0
2.75,1.45,352760.0
2.75,1.5,352664.0
2.75,1.55,352664.0
2.75,1.6,352568.0
2.75,1.65,352568.0
2.75,1.7,352568.0
2.75,1.75,352472.0
2.75,1.8,352472.0
2.75,1.85,352472.0
2.75,1.9,352472.0
2.75,1.95,352472.0
2.75,2.0,352280.0
2.75,2.05,352184.0
2.75,2.1,352184.0
2.75,2.15,352088.0
2.75,2.2,351992.0
2.75,2.25,351992.0
2.75,2.3,351896.0
2.75,2.35,351704.0
2.75,2.4,351704.0
2.75,2.45,351704.0
2.75,2.5,351704.0
2.75,2.55,351608.0
2.75,2.6,351608.0
2.75,2.65,351608.0
2.75,2.7,351608.0
2.75,2.75,351512.0
2.75,2.8,351416.0
2.75,2.85,351416.0
2.75,2.9,351320.0
2.75,2.95,351176.0
2.75,3.0,350888.0
2.8,0.0,352400.0
2.8,0.05,352496.0
2.8,0.1,352688.0
2.8,0.15,352856.0
2.8,0.2,352856.0
2.8,0.25,353048.0
2.8,0.3,353240.0
2.8,0.35,353240.0
2.8,0.4,353240.0
2.8,0.45,353240.0
2.8,0.5,353048.0
2.8,0.55,353048.0
2.8,0.6,353144.0
2.8,0.65,353240.0
2.8,0.7,353240.0
2.8,0.75,353048.0
2.8,0.8,353048.0
2.8,0.85,353048.0
2.8,0.9,353048.0
2.8,0.95,353048.0
2.8,1.0,353048.0
2.8,1.05,353048.0
2.8,1.1,353048.0
2.8,1.15,353048.0
2.8,1.2,353048.0
2.8,1.25,352952.0
2.8,1.3,352856.0
2.8,1.35,352856.0
2.8,1.4,352760.0
2.8,1.45,352760.0
2.8,1.5,352664.0
2.8,1.55,352664.0
2.8,1.6,352568.0
2.8,1.65,352568.0
2.8,1.7,352568.0
2.8,1.75,352472.0
2.8,1.8,352472.0
2.8,1.85,352472.0
2.8,1.9,352472.0
2.8,1.95,352472.0
2.8,2.0,352280.0
2.8,2.05,352184.0
2.8,2.1,352184.0
2.8,2.15,352088.0
2.8,2.2,351992.0
2.8,2.25,351992.0
2.8,2.3,351800.0
2.8,2.35,351608.0
2.8,2.4,351608.0
2.8,2.45,351608.0
2.8,2.5,351704.0
2.8,2.55,351608.0
2.8,2.6,351608.0
2.8,2.65,351608.0
2.8,2.7,351608.0
2.8,2.75,351512.0
2.8,2.8,351416.0
2.8,2.85,351416.0
2.8,2.9,351320.0
2.8,2.95,351176.0
2.8,3.0,350888.0
2.85,0.0,352400.0
2.85,0.05,352496.0
2.85,0.1,352688.0
2.85,0.15,352856.0
2.85,0.2,352856.0
2.85,0.25,353048.0
2.85,0.3,353144.0
2.85,0.35,353240.0
2.85,0.4,353240.0
2.85,0.45,353240.0
2.85,0.5,353048.0
2.85,0.55,353048.0
2.85,0.6,353144.0
2.85,0.65,353240.0
2.85,0.7,353240.0
2.85,0.75,353048.0
2.85,0.8,353048.0
2.85,0.85,353048.0
2.85,0.9,353048.0
2.85,0.95,353048.0
2.85,1.0,353048.0
2.85,1.05,353048.0
2.85,1.1,353048.0
2.85,1.15,353048.0
2.85,1.2,353048.0
2.85,1.25,352952.0
2.85,1.3,352856.0
2.85,1.35,352856.0
2.85,1.4,352760.0
2.85,1.45,352760.0
2.85,1.5,352664.0
2.85,1.55,352664.0
2.85,1.6,352568.0
2.85,1.65,352568.0
2.85,1.7,352568.0
2.85,1.75,352472.0
2.85,1.8,352472.0
2.85,1.85,352472.0
2.85,1.9,352472.0
2.85,1.95,352472.0
2.85,2.0,352280.0
2.85,2.05,352184.0
2.85,2.1,352184.0
2.85,2.15,352088.0
2.85,2.2,351992.0
2.85,2.25,351992.0
2.85,2.3,351800.0
2.85,2.35,351608.0
2.85,2.4,351608.0
2.85,2.45,351608.0
2.85,2.5,351608.0
2.85,2.55,351512.0
2.85,2.6,351512.0
2.85,2.65,351512.0
2.85,2.7,351608.0
2.85,2.75,351512.0
2.85,2.8,351416.0
2.85,2.85,351416.0
2.85,2.9,351320.0
2.85,2.95,351176.0
2.85,3.0,350888.0
2.9,0.0,352400.0
2.9,0.05,352496.0
2.9,0.1,352688.0
2.9,0.15,352856.0
2.9,0.2,352856.0
2.9,0.25,353048.0
2.9,0.3,353144.0
2.9,0.35,353144.0
2.9,0.4,353144.0
2.9,0.45,353240.0
2.9,0.5,353048.0
2.9,0.55,353048.0
2.9,0.6,353144.0
2.9,0.65,353240.0
2.9,0.7,353240.0
2.9,0.75,353048.0
2.9,0.8,353048.0
2.9,0.85,353048.0
2.9,0.9,353048.0
2.9,0.95,353048.0
2.9,1.0,353048.0
2.9,1.05,353048.0
2.9,1.1,353048.0
2.9,1.15,353048.0
2.9,1.2,353048.0
2.9,1.25,352952.0
2.9,1.3,352856.0
2.9,1.35,352856.0
2.9,1.4,352760.0
2.9,1.45,352760.0
2.9,1.5,352664.0
2.9,1.55,352664.0
2.9,1.6,352568.0
2.9,1.65,352568.0
2.9,1.7,352568.0
2.9,1.75,352472.0
2.9,1.8,352472.0
2.9,1.85,352472.0
2.9,1.9,352472.0
2.9,1.95,352472.0
2.9,2.0,352280.0
2.9,2.05,352184.0
2.9,2.1,352184.0
2.9,2.15,352088.0
2.9,2.2,351992.0
2.9,2.25,351992.0
2.9,2.3,351800.0
2.9,2.35,351608.0
2.9,2.4,351608.0
2.9,2.45,351608.0
2.9,2.5,351608.0
2.9,2.55,351512.0
2.9,2.6,351512.0
2.9,2.65,351512.0
2.9,2.7,351512.0
2.9,2.75,351416.0
2.9,2.8,351320.0
2.9,2.85,351320.0
2.9,2.9,351320.0
2.9,2.95,351176.0
2.9,3.0,350888.0
2.95,0.0,352400.0
2.95,0.05,352496.0
2.95,0.1,352688.0
2.95,0.15,352856.0
2.95,0.2,352856.0
2.95,0.25,353048.0
2.95,0.3,353144.0
2.95,0.35,353144.0
2.95,0.4,353144.0
2.95,0.45,353144.0
2.95,0.5,353048.0
2.95,0.55,353048.0
2.95,0.6,353144.0
2.95,0.65,353240.0
2.95,0.7,353240.0
2.95,0.75,353048.0
2.95,0.8,353048.0
2.95,0.85,353048.0
2.95,0.9,353048.0
2.95,0.95,353048.0
2.95,1.0,353048.0
2.95,1.05,353048.0
2.95,1.1,353048.0
2.95,1.15,353048.0
2.95,1.2,353048.0
2.95,1.25,352952.0
2.95,1.3,352856.0
2.95,1.35,352856.0
2.95,1.4,352760.0
2.95,1.45,352760.0
2.95,1.5,352664.0
2.95,1.55,352664.0
2.95,1.6,352568.0
2.95,1.65,352568.0
2.95,1.7,352568.0
2.95,1.75,352472.0
2.95,1.8,352472.0
2.95,1.85,352472.0
2.95,1.9,352472.0
2.95,1.95,352472.0
2.95,2.0,352280.0
2.95,2.05,352184.0
2.95,2.1,352184.0
2.95,2.15,352088.0
2.95,2.2,351992.0
2.95,2.25,351992.0
2.95,2.3,351800.0
2.95,2.35,351608.0
2.95,2.4,351608.0
2.95,2.45,351608.0
2.95,2.5,351608.0
2.95,2.55,351512.0
2.95,2.6,351512.0
2.95,2.65,351512.0
2.95,2.7,351512.0
2.95,2.75,351416.0
2.95,2.8,351320.0
2.95,2.85,351320.0
2.95,2.9,351224.0
2.95,2.95,351080.0
2.95,3.0,350792.0
3.0,0.0,352304.0
3.0,0.05,352400.0
3.0,0.1,352688.0
3.0,0.15,352856.0
3.0,0.2,352856.0
3.0,0.25,353048.0
3.0,0.3,353144.0
3.0,0.35,353144.0
3.0,0.4,353144.0
3.0,0.45,353144.0
3.0,0.5,352952.0
3.0,0.55,353048.0
3.0,0.6,353144.0
3.0,0.65,353240.0
3.0,0.7,353240.0
3.0,0.75,353048.0
3.0,0.8,353048.0
3.0,0.85,353048.0
3.0,0.9,353048.0
3.0,0.95,353048.0
3.0,1.0,353048.0
3.0,1.05,353048.0
3.0,1.1,353048.0
3.0,1.15,353048.0
3.0,1.2,353048.0
3.0,1.25,352952.0
3.0,1.3,352856.0
3.0,1.35,352856.0
3.0,1.4,352760.0
3.0,1.45,352760.0
3.0,1.5,352664.0
3.0,1.55,352664.0
3.0,1.6,352568.0
3.0,1.65,352568.0
3.0,1.7,352568.0
3.0,1.75,352472.0
3.0,1.8,352472.0
3.0,1.85,352472.0
3.0,1.9,352472.0
3.0,1.95,352472.0
3.0,2.0,352280.0
3.0,2.05,352184.0
3.0,2.1,352184.0
3.0,2.15,352088.0
3.0,2.2,351992.0
3.0,2.25,351992.0
3.0,2.3,351800.0
3.0,2.35,351608.0
3.0,2.4,351608.0
3.0,2.45,351608.0
3.0,2.5,351608.0
3.0,2.55,351512.0
3.0,2.6,351512.0
3.0,2.65,351512.0
3.0,2.7,351512.0
3.0,2.75,351416.0
3.0,2.8,351320.0
3.0,2.85,351320.0
3.0,2.9,351224.0
3.0,2.95,351080.0
3.0,3.0,350792.0
